Checking_Account_Status,Duration,Credit_History,Purpose,Credit_Amount,Savings_Account,Employment_Duration,Installment_Rate,Personal_Status_Sex,Other_Debtors,Residence_Duration,Property,Age,Other_Installment_Plans,Housing,Existing_Credits,Job,Num_Dependents,Telephone,Foreign_Worker,Target
<_0_DM,6,Critical_account,Radio/Television,1169,Unknown/None,>=_7_years,4,Male:_single,NoNe,4,Real_estate,67,NoNe,Own,2,Skilled_employee,1,Yes,Yes,0
0-200_DM,48,Existing_credits_paid,Radio/Television,5951,<_100_DM,1-4_years,2,Female:_divorced/separated/married,NoNe,2,Real_estate,22,NoNe,Own,1,Skilled_employee,1,NoNe,Yes,1
No_checking_account,12,Critical_account,Education,2096,<_100_DM,4-7_years,2,Male:_single,NoNe,3,Real_estate,49,NoNe,Own,1,Unskilled_-_resident,2,NoNe,Yes,0
<_0_DM,42,Existing_credits_paid,Furniture/Equipment,7882,<_100_DM,4-7_years,2,Male:_single,Guarantor,4,Building_society_savings,45,NoNe,For_free,1,Skilled_employee,2,NoNe,Yes,0
<_0_DM,24,Delay_in_past,Car_(new),4870,<_100_DM,1-4_years,3,Male:_single,NoNe,4,Unknown/None,53,NoNe,For_free,2,Skilled_employee,2,NoNe,Yes,1
No_checking_account,36,Existing_credits_paid,Education,9055,Unknown/None,1-4_years,2,Male:_single,NoNe,4,Unknown/None,35,NoNe,For_free,1,Unskilled_-_resident,2,Yes,Yes,0
No_checking_account,24,Existing_credits_paid,Furniture/Equipment,2835,500-1000_DM,>=_7_years,3,Male:_single,NoNe,4,Building_society_savings,53,NoNe,Own,1,Skilled_employee,1,NoNe,Yes,0
0-200_DM,36,Existing_credits_paid,Car_(used),6948,<_100_DM,1-4_years,2,Male:_single,NoNe,2,Car_or_other,35,NoNe,Rent,1,Management/Self-employed,1,Yes,Yes,0
No_checking_account,12,Existing_credits_paid,Radio/Television,3059,>=_1000_DM,4-7_years,2,Male:_divorced/separated,NoNe,4,Real_estate,61,NoNe,Own,1,Unskilled_-_resident,1,NoNe,Yes,0
0-200_DM,30,Critical_account,Car_(new),5234,<_100_DM,Unemployed,4,Male:_married/widowed,NoNe,2,Car_or_other,28,NoNe,Own,2,Management/Self-employed,1,NoNe,Yes,1
0-200_DM,12,Existing_credits_paid,Car_(new),1295,<_100_DM,<_1_year,3,Female:_divorced/separated/married,NoNe,1,Car_or_other,25,NoNe,Rent,1,Skilled_employee,1,NoNe,Yes,1
<_0_DM,48,Existing_credits_paid,Business,4308,<_100_DM,<_1_year,3,Female:_divorced/separated/married,NoNe,4,Building_society_savings,24,NoNe,Rent,1,Skilled_employee,1,NoNe,Yes,1
0-200_DM,12,Existing_credits_paid,Radio/Television,1567,<_100_DM,1-4_years,1,Female:_divorced/separated/married,NoNe,1,Car_or_other,22,NoNe,Own,1,Skilled_employee,1,Yes,Yes,0
<_0_DM,24,Critical_account,Car_(new),1199,<_100_DM,>=_7_years,4,Male:_single,NoNe,4,Car_or_other,60,NoNe,Own,2,Unskilled_-_resident,1,NoNe,Yes,1
<_0_DM,15,Existing_credits_paid,Car_(new),1403,<_100_DM,1-4_years,2,Female:_divorced/separated/married,NoNe,4,Car_or_other,28,NoNe,Rent,1,Skilled_employee,1,NoNe,Yes,0
<_0_DM,24,Existing_credits_paid,Radio/Television,1282,100-500_DM,1-4_years,4,Female:_divorced/separated/married,NoNe,2,Car_or_other,32,NoNe,Own,1,Unskilled_-_resident,1,NoNe,Yes,1
No_checking_account,24,Critical_account,Radio/Television,2424,Unknown/None,>=_7_years,4,Male:_single,NoNe,4,Building_society_savings,53,NoNe,Own,2,Skilled_employee,1,NoNe,Yes,0
<_0_DM,30,No_credits_/__all_paid,Business,8072,Unknown/None,<_1_year,2,Male:_single,NoNe,3,Car_or_other,25,Bank,Own,3,Skilled_employee,1,NoNe,Yes,0
0-200_DM,24,Existing_credits_paid,Car_(used),12579,<_100_DM,>=_7_years,4,Female:_divorced/separated/married,NoNe,2,Unknown/None,44,NoNe,For_free,1,Management/Self-employed,1,Yes,Yes,1
No_checking_account,24,Existing_credits_paid,Radio/Television,3430,500-1000_DM,>=_7_years,3,Male:_single,NoNe,2,Car_or_other,31,NoNe,Own,1,Skilled_employee,2,Yes,Yes,0
No_checking_account,9,Critical_account,Car_(new),2134,<_100_DM,1-4_years,4,Male:_single,NoNe,4,Car_or_other,48,NoNe,Own,3,Skilled_employee,1,Yes,Yes,0
<_0_DM,6,Existing_credits_paid,Radio/Television,2647,500-1000_DM,1-4_years,2,Male:_single,NoNe,3,Real_estate,44,NoNe,Rent,1,Skilled_employee,2,NoNe,Yes,0
<_0_DM,10,Critical_account,Car_(new),2241,<_100_DM,<_1_year,1,Male:_single,NoNe,3,Real_estate,48,NoNe,Rent,2,Unskilled_-_resident,2,NoNe,No,0
0-200_DM,12,Critical_account,Car_(used),1804,100-500_DM,<_1_year,3,Male:_single,NoNe,4,Building_society_savings,44,NoNe,Own,1,Skilled_employee,1,NoNe,Yes,0
No_checking_account,10,Critical_account,Furniture/Equipment,2069,Unknown/None,1-4_years,2,Male:_married/widowed,NoNe,1,Car_or_other,26,NoNe,Own,2,Skilled_employee,1,NoNe,No,0
<_0_DM,6,Existing_credits_paid,Furniture/Equipment,1374,<_100_DM,1-4_years,1,Male:_single,NoNe,2,Real_estate,36,Bank,Own,1,Unskilled_-_resident,1,Yes,Yes,0
No_checking_account,6,No_credits_/__all_paid,Radio/Television,426,<_100_DM,>=_7_years,4,Male:_married/widowed,NoNe,4,Car_or_other,39,NoNe,Own,1,Unskilled_-_resident,1,NoNe,Yes,0
>=_200_DM,12,All_credits_paid_at_bank,Radio/Television,409,>=_1000_DM,1-4_years,3,Female:_divorced/separated/married,NoNe,3,Real_estate,42,NoNe,Rent,2,Skilled_employee,1,NoNe,Yes,0
0-200_DM,7,Existing_credits_paid,Radio/Television,2415,<_100_DM,1-4_years,3,Male:_single,Guarantor,2,Real_estate,34,NoNe,Own,1,Skilled_employee,1,NoNe,Yes,0
<_0_DM,60,Delay_in_past,Business,6836,<_100_DM,>=_7_years,3,Male:_single,NoNe,4,Unknown/None,63,NoNe,Own,2,Skilled_employee,1,Yes,Yes,1
0-200_DM,18,Existing_credits_paid,Business,1913,>=_1000_DM,<_1_year,3,Male:_married/widowed,NoNe,3,Real_estate,36,Bank,Own,1,Skilled_employee,1,Yes,Yes,0
<_0_DM,24,Existing_credits_paid,Furniture/Equipment,4020,<_100_DM,1-4_years,2,Male:_single,NoNe,2,Car_or_other,27,Stores,Own,1,Skilled_employee,1,NoNe,Yes,0
0-200_DM,18,Existing_credits_paid,Car_(new),5866,100-500_DM,1-4_years,2,Male:_single,NoNe,2,Car_or_other,30,NoNe,Own,2,Skilled_employee,1,Yes,Yes,0
No_checking_account,12,Critical_account,Business,1264,Unknown/None,>=_7_years,4,Male:_single,NoNe,4,Unknown/None,57,NoNe,Rent,1,Unskilled_-_resident,1,NoNe,Yes,0
>=_200_DM,12,Existing_credits_paid,Furniture/Equipment,1474,<_100_DM,<_1_year,4,Female:_divorced/separated/married,NoNe,1,Building_society_savings,33,Bank,Own,1,Management/Self-employed,1,Yes,Yes,0
0-200_DM,45,Critical_account,Radio/Television,4746,<_100_DM,<_1_year,4,Male:_single,NoNe,2,Building_society_savings,25,NoNe,Own,2,Unskilled_-_resident,1,NoNe,Yes,1
No_checking_account,48,Critical_account,Education,6110,<_100_DM,1-4_years,1,Male:_single,NoNe,3,Unknown/None,31,Bank,For_free,1,Skilled_employee,1,Yes,Yes,0
>=_200_DM,18,Existing_credits_paid,Radio/Television,2100,<_100_DM,1-4_years,4,Male:_single,Co-applicant,2,Real_estate,37,Stores,Own,1,Skilled_employee,1,NoNe,Yes,1
>=_200_DM,10,Existing_credits_paid,Domestic_appliances,1225,<_100_DM,1-4_years,2,Male:_single,NoNe,2,Car_or_other,37,NoNe,Own,1,Skilled_employee,1,Yes,Yes,0
0-200_DM,9,Existing_credits_paid,Radio/Television,458,<_100_DM,1-4_years,4,Male:_single,NoNe,3,Real_estate,24,NoNe,Own,1,Skilled_employee,1,NoNe,Yes,0
No_checking_account,30,Existing_credits_paid,Radio/Television,2333,500-1000_DM,>=_7_years,4,Male:_single,NoNe,2,Car_or_other,30,Bank,Own,1,Management/Self-employed,1,NoNe,Yes,0
0-200_DM,12,Existing_credits_paid,Radio/Television,1158,500-1000_DM,1-4_years,3,Male:_divorced/separated,NoNe,1,Car_or_other,26,NoNe,Own,1,Skilled_employee,1,Yes,Yes,0
0-200_DM,18,Delay_in_past,Repairs,6204,<_100_DM,1-4_years,2,Male:_single,NoNe,4,Real_estate,44,NoNe,Own,1,Unskilled_-_resident,2,Yes,Yes,0
<_0_DM,30,Critical_account,Car_(used),6187,100-500_DM,4-7_years,1,Male:_married/widowed,NoNe,4,Car_or_other,24,NoNe,Rent,2,Skilled_employee,1,NoNe,Yes,0
<_0_DM,48,Critical_account,Car_(used),6143,<_100_DM,>=_7_years,4,Female:_divorced/separated/married,NoNe,4,Unknown/None,58,Stores,For_free,2,Unskilled_-_resident,1,NoNe,Yes,1
No_checking_account,11,Critical_account,Car_(new),1393,<_100_DM,<_1_year,4,Female:_divorced/separated/married,NoNe,4,Car_or_other,35,NoNe,Own,2,Management/Self-employed,1,NoNe,Yes,0
No_checking_account,36,Existing_credits_paid,Radio/Television,2299,500-1000_DM,>=_7_years,4,Male:_single,NoNe,4,Car_or_other,39,NoNe,Own,1,Skilled_employee,1,NoNe,Yes,0
<_0_DM,6,Existing_credits_paid,Car_(used),1352,500-1000_DM,Unemployed,1,Female:_divorced/separated/married,NoNe,2,Building_society_savings,23,NoNe,Rent,1,Unemployed/Unskilled,1,Yes,Yes,0
No_checking_account,11,Critical_account,Car_(new),7228,<_100_DM,1-4_years,1,Male:_single,NoNe,4,Building_society_savings,39,NoNe,Own,2,Unskilled_-_resident,1,NoNe,Yes,0
No_checking_account,12,Existing_credits_paid,Radio/Television,2073,100-500_DM,1-4_years,4,Female:_divorced/separated/married,Co-applicant,2,Real_estate,28,NoNe,Own,1,Skilled_employee,1,NoNe,Yes,0
0-200_DM,24,Delay_in_past,Furniture/Equipment,2333,Unknown/None,<_1_year,4,Male:_single,NoNe,2,Building_society_savings,29,Bank,Own,1,Unskilled_-_resident,1,NoNe,Yes,0
0-200_DM,27,Delay_in_past,Car_(used),5965,<_100_DM,>=_7_years,1,Male:_single,NoNe,2,Car_or_other,30,NoNe,Own,2,Management/Self-employed,1,Yes,Yes,0
No_checking_account,12,Existing_credits_paid,Radio/Television,1262,<_100_DM,1-4_years,3,Male:_single,NoNe,2,Car_or_other,25,NoNe,Own,1,Skilled_employee,1,NoNe,Yes,0
No_checking_account,18,Existing_credits_paid,Car_(used),3378,Unknown/None,1-4_years,2,Male:_single,NoNe,1,Building_society_savings,31,NoNe,Own,1,Skilled_employee,1,Yes,Yes,0
0-200_DM,36,Delay_in_past,Car_(new),2225,<_100_DM,>=_7_years,4,Male:_single,NoNe,4,Unknown/None,57,Bank,For_free,2,Skilled_employee,1,Yes,Yes,1
No_checking_account,6,All_credits_paid_at_bank,Car_(new),783,Unknown/None,1-4_years,1,Male:_single,Guarantor,2,Real_estate,26,Stores,Own,1,Unskilled_-_resident,2,NoNe,Yes,0
0-200_DM,12,Existing_credits_paid,Radio/Television,6468,Unknown/None,Unemployed,2,Male:_single,NoNe,1,Unknown/None,52,NoNe,Own,1,Management/Self-employed,1,Yes,Yes,1
No_checking_account,36,Critical_account,Radio/Television,9566,<_100_DM,1-4_years,2,Female:_divorced/separated/married,NoNe,2,Car_or_other,31,Stores,Own,2,Skilled_employee,1,NoNe,Yes,0
>=_200_DM,18,Existing_credits_paid,Car_(new),1961,<_100_DM,>=_7_years,3,Female:_divorced/separated/married,NoNe,2,Car_or_other,23,NoNe,Own,1,Management/Self-employed,1,NoNe,Yes,0
<_0_DM,36,Critical_account,Furniture/Equipment,6229,<_100_DM,<_1_year,4,Female:_divorced/separated/married,Co-applicant,4,Unknown/None,23,NoNe,Rent,2,Unskilled_-_resident,1,Yes,Yes,1
0-200_DM,9,Existing_credits_paid,Business,1391,<_100_DM,1-4_years,2,Male:_married/widowed,NoNe,1,Real_estate,27,Bank,Own,1,Skilled_employee,1,Yes,Yes,0
0-200_DM,15,Critical_account,Radio/Television,1537,Unknown/None,>=_7_years,4,Male:_single,Guarantor,4,Real_estate,50,NoNe,Own,2,Skilled_employee,1,Yes,Yes,0
0-200_DM,36,No_credits_/__all_paid,Business,1953,<_100_DM,>=_7_years,4,Male:_single,NoNe,4,Unknown/None,61,NoNe,For_free,1,Management/Self-employed,1,Yes,Yes,1
0-200_DM,48,No_credits_/__all_paid,Business,14421,<_100_DM,1-4_years,2,Male:_single,NoNe,2,Car_or_other,25,NoNe,Own,1,Skilled_employee,1,Yes,Yes,1
No_checking_account,24,Existing_credits_paid,Radio/Television,3181,<_100_DM,<_1_year,4,Female:_divorced/separated/married,NoNe,4,Building_society_savings,26,NoNe,Own,1,Skilled_employee,1,Yes,Yes,0
No_checking_account,27,Existing_credits_paid,Repairs,5190,Unknown/None,>=_7_years,4,Male:_single,NoNe,4,Building_society_savings,48,NoNe,Own,4,Skilled_employee,2,Yes,Yes,0
No_checking_account,12,Existing_credits_paid,Radio/Television,2171,<_100_DM,<_1_year,2,Female:_divorced/separated/married,NoNe,2,Car_or_other,29,Bank,Own,1,Skilled_employee,1,NoNe,Yes,0
0-200_DM,12,Existing_credits_paid,Car_(new),1007,>=_1000_DM,1-4_years,4,Male:_married/widowed,NoNe,1,Real_estate,22,NoNe,Own,1,Skilled_employee,1,NoNe,Yes,0
No_checking_account,36,Existing_credits_paid,Education,1819,<_100_DM,1-4_years,4,Male:_single,NoNe,4,Unknown/None,37,Stores,For_free,1,Skilled_employee,1,Yes,Yes,1
No_checking_account,36,Existing_credits_paid,Radio/Television,2394,Unknown/None,1-4_years,4,Female:_divorced/separated/married,NoNe,4,Car_or_other,25,NoNe,Own,1,Skilled_employee,1,NoNe,Yes,0
No_checking_account,36,Existing_credits_paid,Car_(used),8133,<_100_DM,1-4_years,1,Female:_divorced/separated/married,NoNe,2,Building_society_savings,30,Bank,Own,1,Skilled_employee,1,NoNe,Yes,0
No_checking_account,7,Critical_account,Radio/Television,730,Unknown/None,>=_7_years,4,Male:_single,NoNe,2,Building_society_savings,46,NoNe,Rent,2,Unskilled_-_resident,1,Yes,Yes,0
<_0_DM,8,Critical_account,Others,1164,<_100_DM,>=_7_years,3,Male:_single,NoNe,4,Unknown/None,51,Bank,For_free,2,Management/Self-employed,2,Yes,Yes,0
0-200_DM,42,Critical_account,Business,5954,<_100_DM,4-7_years,2,Female:_divorced/separated/married,NoNe,1,Real_estate,41,Bank,Own,2,Unskilled_-_resident,1,NoNe,Yes,0
<_0_DM,36,Existing_credits_paid,Education,1977,Unknown/None,>=_7_years,4,Male:_single,NoNe,4,Unknown/None,40,NoNe,Own,1,Management/Self-employed,1,Yes,Yes,1
<_0_DM,12,Critical_account,Car_(used),1526,<_100_DM,>=_7_years,4,Male:_single,NoNe,4,Unknown/None,66,NoNe,For_free,2,Management/Self-employed,1,NoNe,Yes,0
<_0_DM,42,Existing_credits_paid,Radio/Television,3965,<_100_DM,<_1_year,4,Male:_single,NoNe,3,Car_or_other,34,NoNe,Own,1,Skilled_employee,1,NoNe,Yes,1
0-200_DM,11,Delay_in_past,Radio/Television,4771,<_100_DM,4-7_years,2,Male:_single,NoNe,4,Building_society_savings,51,NoNe,Own,1,Skilled_employee,1,NoNe,Yes,0
No_checking_account,54,No_credits_/__all_paid,Car_(used),9436,Unknown/None,1-4_years,2,Male:_single,NoNe,2,Building_society_savings,39,NoNe,Own,1,Unskilled_-_resident,2,NoNe,Yes,0
0-200_DM,30,Existing_credits_paid,Furniture/Equipment,3832,<_100_DM,<_1_year,2,Male:_married/widowed,NoNe,1,Building_society_savings,22,NoNe,Own,1,Skilled_employee,1,NoNe,Yes,0
No_checking_account,24,Existing_credits_paid,Radio/Television,5943,Unknown/None,<_1_year,1,Female:_divorced/separated/married,NoNe,1,Car_or_other,44,NoNe,Own,2,Skilled_employee,1,Yes,Yes,1
No_checking_account,15,Existing_credits_paid,Radio/Television,1213,500-1000_DM,>=_7_years,4,Male:_single,NoNe,3,Building_society_savings,47,Stores,Own,1,Skilled_employee,1,Yes,Yes,0
No_checking_account,18,Existing_credits_paid,Business,1568,100-500_DM,1-4_years,3,Female:_divorced/separated/married,NoNe,4,Building_society_savings,24,NoNe,Rent,1,Unskilled_-_resident,1,NoNe,Yes,0
<_0_DM,24,Existing_credits_paid,Others,1755,<_100_DM,>=_7_years,4,Female:_divorced/separated/married,Guarantor,4,Real_estate,58,NoNe,Own,1,Unskilled_-_resident,1,Yes,Yes,0
<_0_DM,10,Existing_credits_paid,Radio/Television,2315,<_100_DM,>=_7_years,3,Male:_single,NoNe,4,Real_estate,52,NoNe,Own,1,Unskilled_-_resident,1,NoNe,Yes,0
No_checking_account,12,Critical_account,Business,1412,<_100_DM,1-4_years,4,Female:_divorced/separated/married,Guarantor,2,Real_estate,29,NoNe,Own,2,Management/Self-employed,1,Yes,Yes,0
0-200_DM,18,Critical_account,Furniture/Equipment,1295,<_100_DM,<_1_year,4,Female:_divorced/separated/married,NoNe,1,Building_society_savings,27,NoNe,Own,2,Skilled_employee,1,NoNe,Yes,0
0-200_DM,36,Existing_credits_paid,Education,12612,100-500_DM,1-4_years,1,Male:_single,NoNe,4,Unknown/None,47,NoNe,For_free,1,Skilled_employee,2,Yes,Yes,1
<_0_DM,18,Existing_credits_paid,Car_(new),2249,100-500_DM,4-7_years,4,Male:_single,NoNe,3,Car_or_other,30,NoNe,Own,1,Management/Self-employed,2,Yes,Yes,0
<_0_DM,12,No_credits_/__all_paid,Repairs,1108,<_100_DM,4-7_years,4,Male:_single,NoNe,3,Real_estate,28,NoNe,Own,2,Skilled_employee,1,NoNe,Yes,1
No_checking_account,12,Critical_account,Radio/Television,618,<_100_DM,>=_7_years,4,Male:_single,NoNe,4,Real_estate,56,NoNe,Own,1,Skilled_employee,1,NoNe,Yes,0
<_0_DM,12,Critical_account,Car_(used),1409,<_100_DM,>=_7_years,4,Male:_single,NoNe,3,Real_estate,54,NoNe,Own,1,Skilled_employee,1,NoNe,Yes,0
No_checking_account,12,Critical_account,Radio/Television,797,Unknown/None,>=_7_years,4,Female:_divorced/separated/married,NoNe,3,Building_society_savings,33,Bank,Own,1,Unskilled_-_resident,2,NoNe,Yes,1
>=_200_DM,24,Critical_account,Furniture/Equipment,3617,Unknown/None,>=_7_years,4,Male:_single,Co-applicant,4,Unknown/None,20,NoNe,Rent,2,Skilled_employee,1,NoNe,Yes,0
0-200_DM,12,Existing_credits_paid,Car_(new),1318,>=_1000_DM,>=_7_years,4,Male:_single,NoNe,4,Real_estate,54,NoNe,Own,1,Skilled_employee,1,Yes,Yes,0
0-200_DM,54,No_credits_/__all_paid,Business,15945,<_100_DM,<_1_year,3,Male:_single,NoNe,4,Unknown/None,58,NoNe,Rent,1,Skilled_employee,1,Yes,Yes,1
No_checking_account,12,Critical_account,Education,2012,Unknown/None,4-7_years,4,Female:_divorced/separated/married,NoNe,2,Car_or_other,61,NoNe,Own,1,Skilled_employee,1,NoNe,Yes,0
0-200_DM,18,Existing_credits_paid,Business,2622,100-500_DM,1-4_years,4,Male:_single,NoNe,4,Car_or_other,34,NoNe,Own,1,Skilled_employee,1,NoNe,Yes,0
0-200_DM,36,Critical_account,Radio/Television,2337,<_100_DM,>=_7_years,4,Male:_single,NoNe,4,Real_estate,36,NoNe,Own,1,Skilled_employee,1,NoNe,Yes,0
0-200_DM,20,Delay_in_past,Car_(used),7057,Unknown/None,4-7_years,3,Male:_single,NoNe,4,Building_society_savings,36,Bank,Rent,2,Management/Self-employed,2,Yes,Yes,0
No_checking_account,24,Existing_credits_paid,Car_(new),1469,100-500_DM,>=_7_years,4,Male:_married/widowed,NoNe,4,Real_estate,41,NoNe,Rent,1,Unskilled_-_resident,1,NoNe,Yes,0
0-200_DM,36,Existing_credits_paid,Radio/Television,2323,<_100_DM,4-7_years,4,Male:_single,NoNe,4,Car_or_other,24,NoNe,Rent,1,Skilled_employee,1,NoNe,Yes,0
No_checking_account,6,Delay_in_past,Radio/Television,932,<_100_DM,1-4_years,3,Female:_divorced/separated/married,NoNe,2,Real_estate,24,NoNe,Own,1,Skilled_employee,1,NoNe,Yes,0
0-200_DM,9,Critical_account,Furniture/Equipment,1919,<_100_DM,4-7_years,4,Male:_single,NoNe,3,Car_or_other,35,NoNe,Rent,1,Skilled_employee,1,Yes,Yes,0
No_checking_account,12,Existing_credits_paid,Car_(used),2445,Unknown/None,<_1_year,2,Male:_married/widowed,NoNe,4,Car_or_other,26,NoNe,Rent,1,Skilled_employee,1,Yes,Yes,0
0-200_DM,24,Critical_account,Others,11938,<_100_DM,1-4_years,2,Male:_single,Co-applicant,3,Car_or_other,39,NoNe,Own,2,Management/Self-employed,2,Yes,Yes,1
No_checking_account,18,All_credits_paid_at_bank,Car_(new),6458,<_100_DM,>=_7_years,2,Male:_single,NoNe,4,Unknown/None,39,Bank,Own,2,Management/Self-employed,2,Yes,Yes,1
0-200_DM,12,Existing_credits_paid,Car_(new),6078,<_100_DM,4-7_years,2,Male:_single,NoNe,2,Car_or_other,32,NoNe,Own,1,Skilled_employee,1,NoNe,Yes,0
<_0_DM,24,Existing_credits_paid,Furniture/Equipment,7721,Unknown/None,<_1_year,1,Female:_divorced/separated/married,NoNe,2,Building_society_savings,30,NoNe,Own,1,Skilled_employee,1,Yes,No,0
0-200_DM,14,Existing_credits_paid,Business,1410,500-1000_DM,>=_7_years,1,Male:_married/widowed,NoNe,2,Real_estate,35,NoNe,Own,1,Skilled_employee,1,Yes,Yes,0
0-200_DM,6,Delay_in_past,Business,1449,100-500_DM,>=_7_years,1,Male:_divorced/separated,NoNe,2,Car_or_other,31,Bank,Own,2,Skilled_employee,2,NoNe,Yes,0
>=_200_DM,15,Existing_credits_paid,Education,392,<_100_DM,<_1_year,4,Female:_divorced/separated/married,NoNe,4,Building_society_savings,23,NoNe,Rent,1,Skilled_employee,1,Yes,Yes,0
0-200_DM,18,Existing_credits_paid,Car_(new),6260,<_100_DM,4-7_years,3,Male:_single,NoNe,3,Real_estate,28,NoNe,Rent,1,Unskilled_-_resident,1,NoNe,Yes,0
No_checking_account,36,Critical_account,Car_(new),7855,<_100_DM,1-4_years,4,Female:_divorced/separated/married,NoNe,2,Real_estate,25,Stores,Own,2,Skilled_employee,1,Yes,Yes,1
<_0_DM,12,Existing_credits_paid,Radio/Television,1680,500-1000_DM,>=_7_years,3,Male:_married/widowed,NoNe,1,Real_estate,35,NoNe,Own,1,Skilled_employee,1,NoNe,Yes,0
No_checking_account,48,Critical_account,Radio/Television,3578,Unknown/None,>=_7_years,4,Male:_single,NoNe,1,Real_estate,47,NoNe,Own,1,Skilled_employee,1,Yes,Yes,0
<_0_DM,42,Existing_credits_paid,Radio/Television,7174,Unknown/None,4-7_years,4,Female:_divorced/separated/married,NoNe,3,Car_or_other,30,NoNe,Own,1,Management/Self-employed,1,Yes,Yes,1
<_0_DM,10,Critical_account,Furniture/Equipment,2132,Unknown/None,<_1_year,2,Female:_divorced/separated/married,Co-applicant,3,Real_estate,27,NoNe,Rent,2,Skilled_employee,1,NoNe,No,0
<_0_DM,33,Critical_account,Furniture/Equipment,4281,500-1000_DM,1-4_years,1,Female:_divorced/separated/married,NoNe,4,Car_or_other,23,NoNe,Own,2,Skilled_employee,1,NoNe,Yes,1
0-200_DM,12,Critical_account,Car_(new),2366,500-1000_DM,4-7_years,3,Male:_divorced/separated,NoNe,3,Car_or_other,36,NoNe,Own,1,Management/Self-employed,1,Yes,Yes,0
<_0_DM,21,Existing_credits_paid,Radio/Television,1835,<_100_DM,1-4_years,3,Female:_divorced/separated/married,NoNe,2,Real_estate,25,NoNe,Own,2,Skilled_employee,1,Yes,Yes,1
No_checking_account,24,Critical_account,Car_(used),3868,<_100_DM,>=_7_years,4,Female:_divorced/separated/married,NoNe,2,Car_or_other,41,NoNe,Rent,2,Management/Self-employed,1,Yes,Yes,0
No_checking_account,12,Existing_credits_paid,Furniture/Equipment,1768,<_100_DM,1-4_years,3,Male:_single,NoNe,2,Real_estate,24,NoNe,Rent,1,Unskilled_-_resident,1,NoNe,Yes,0
>=_200_DM,10,Critical_account,Car_(new),781,<_100_DM,>=_7_years,4,Male:_single,NoNe,4,Unknown/None,63,NoNe,For_free,2,Skilled_employee,1,Yes,Yes,0
0-200_DM,18,Existing_credits_paid,Furniture/Equipment,1924,Unknown/None,<_1_year,4,Female:_divorced/separated/married,NoNe,3,Real_estate,27,NoNe,Rent,1,Skilled_employee,1,NoNe,Yes,1
<_0_DM,12,Critical_account,Car_(new),2121,<_100_DM,1-4_years,4,Male:_single,NoNe,2,Building_society_savings,30,NoNe,Own,2,Skilled_employee,1,NoNe,Yes,0
<_0_DM,12,Existing_credits_paid,Radio/Television,701,<_100_DM,1-4_years,4,Male:_married/widowed,NoNe,2,Real_estate,40,NoNe,Own,1,Unskilled_-_resident,1,NoNe,Yes,0
0-200_DM,12,Existing_credits_paid,Repairs,639,<_100_DM,1-4_years,4,Male:_single,NoNe,2,Car_or_other,30,NoNe,Own,1,Skilled_employee,1,NoNe,Yes,1
0-200_DM,12,Critical_account,Car_(used),1860,<_100_DM,Unemployed,4,Male:_single,NoNe,2,Car_or_other,34,NoNe,Own,2,Management/Self-employed,1,Yes,Yes,0
<_0_DM,12,Critical_account,Car_(new),3499,<_100_DM,1-4_years,3,Female:_divorced/separated/married,Co-applicant,2,Real_estate,29,NoNe,Own,2,Skilled_employee,1,NoNe,Yes,1
0-200_DM,48,Existing_credits_paid,Car_(new),8487,Unknown/None,4-7_years,1,Female:_divorced/separated/married,NoNe,2,Car_or_other,24,NoNe,Own,1,Skilled_employee,1,NoNe,Yes,0
<_0_DM,36,Delay_in_past,Education,6887,<_100_DM,1-4_years,4,Male:_single,NoNe,3,Building_society_savings,29,Stores,Own,1,Skilled_employee,1,Yes,Yes,1
No_checking_account,15,Existing_credits_paid,Furniture/Equipment,2708,<_100_DM,<_1_year,2,Male:_single,NoNe,3,Building_society_savings,27,Bank,Own,2,Unskilled_-_resident,1,NoNe,Yes,0
No_checking_account,18,Existing_credits_paid,Furniture/Equipment,1984,<_100_DM,1-4_years,4,Male:_single,NoNe,4,Unknown/None,47,Bank,For_free,2,Skilled_employee,1,NoNe,Yes,0
No_checking_account,60,Existing_credits_paid,Radio/Television,10144,100-500_DM,4-7_years,2,Female:_divorced/separated/married,NoNe,4,Real_estate,21,NoNe,Own,1,Skilled_employee,1,Yes,Yes,0
No_checking_account,12,Critical_account,Radio/Television,1240,Unknown/None,>=_7_years,4,Female:_divorced/separated/married,NoNe,2,Real_estate,38,NoNe,Own,2,Skilled_employee,1,Yes,Yes,0
No_checking_account,27,Delay_in_past,Car_(used),8613,>=_1000_DM,1-4_years,2,Male:_single,NoNe,2,Car_or_other,27,NoNe,Own,2,Skilled_employee,1,NoNe,Yes,0
0-200_DM,12,Existing_credits_paid,Radio/Television,766,500-1000_DM,1-4_years,4,Male:_single,NoNe,3,Real_estate,66,NoNe,Own,1,Unskilled_-_resident,1,NoNe,Yes,1
0-200_DM,15,Critical_account,Radio/Television,2728,Unknown/None,4-7_years,4,Male:_single,Guarantor,2,Real_estate,35,Bank,Own,3,Skilled_employee,1,Yes,Yes,0
>=_200_DM,12,Existing_credits_paid,Radio/Television,1881,<_100_DM,1-4_years,2,Female:_divorced/separated/married,NoNe,2,Car_or_other,44,NoNe,Rent,1,Unskilled_-_resident,1,Yes,Yes,0
>=_200_DM,6,Existing_credits_paid,Car_(new),709,>=_1000_DM,<_1_year,2,Male:_married/widowed,NoNe,2,Real_estate,27,NoNe,Own,1,Unemployed/Unskilled,1,NoNe,No,0
0-200_DM,36,Existing_credits_paid,Radio/Television,4795,<_100_DM,<_1_year,4,Female:_divorced/separated/married,NoNe,1,Unknown/None,30,NoNe,Own,1,Management/Self-employed,1,Yes,Yes,0
<_0_DM,27,Existing_credits_paid,Radio/Television,3416,<_100_DM,1-4_years,3,Male:_single,NoNe,2,Car_or_other,27,NoNe,Own,1,Management/Self-employed,1,NoNe,Yes,0
<_0_DM,18,Existing_credits_paid,Furniture/Equipment,2462,<_100_DM,1-4_years,2,Male:_single,NoNe,2,Car_or_other,22,NoNe,Own,1,Skilled_employee,1,NoNe,Yes,1
No_checking_account,21,Critical_account,Furniture/Equipment,2288,<_100_DM,<_1_year,4,Female:_divorced/separated/married,NoNe,4,Building_society_savings,23,NoNe,Own,1,Skilled_employee,1,Yes,Yes,0
0-200_DM,48,All_credits_paid_at_bank,Business,3566,100-500_DM,4-7_years,4,Male:_single,NoNe,2,Car_or_other,30,NoNe,Own,1,Skilled_employee,1,NoNe,Yes,0
<_0_DM,6,Critical_account,Car_(new),860,<_100_DM,>=_7_years,1,Female:_divorced/separated/married,NoNe,4,Unknown/None,39,NoNe,Own,2,Skilled_employee,1,Yes,Yes,0
No_checking_account,12,Critical_account,Car_(new),682,100-500_DM,4-7_years,4,Female:_divorced/separated/married,NoNe,3,Car_or_other,51,NoNe,Own,2,Skilled_employee,1,Yes,Yes,0
<_0_DM,36,Critical_account,Furniture/Equipment,5371,<_100_DM,1-4_years,3,Male:_single,Guarantor,2,Building_society_savings,28,NoNe,Own,2,Skilled_employee,1,NoNe,Yes,0
No_checking_account,18,Critical_account,Radio/Television,1582,>=_1000_DM,>=_7_years,4,Male:_single,NoNe,4,Car_or_other,46,NoNe,Own,2,Skilled_employee,1,NoNe,Yes,0
No_checking_account,6,Existing_credits_paid,Radio/Television,1346,100-500_DM,>=_7_years,2,Male:_single,NoNe,4,Unknown/None,42,Bank,For_free,1,Skilled_employee,2,Yes,Yes,0
No_checking_account,10,Existing_credits_paid,Radio/Television,1924,<_100_DM,1-4_years,1,Male:_single,NoNe,4,Building_society_savings,38,NoNe,Own,1,Skilled_employee,1,Yes,No,0
>=_200_DM,36,Existing_credits_paid,Radio/Television,5848,<_100_DM,1-4_years,4,Male:_single,NoNe,1,Car_or_other,24,NoNe,Own,1,Skilled_employee,1,NoNe,Yes,0
0-200_DM,24,Critical_account,Car_(used),7758,>=_1000_DM,>=_7_years,2,Female:_divorced/separated/married,NoNe,4,Unknown/None,29,NoNe,Rent,1,Skilled_employee,1,NoNe,Yes,0
0-200_DM,24,Delay_in_past,Business,6967,100-500_DM,4-7_years,4,Male:_single,NoNe,4,Car_or_other,36,NoNe,Rent,1,Management/Self-employed,1,Yes,Yes,0
<_0_DM,12,Existing_credits_paid,Furniture/Equipment,1282,<_100_DM,1-4_years,2,Female:_divorced/separated/married,NoNe,4,Car_or_other,20,NoNe,Rent,1,Skilled_employee,1,NoNe,Yes,1
<_0_DM,9,Critical_account,Repairs,1288,100-500_DM,>=_7_years,3,Male:_single,Guarantor,4,Real_estate,48,NoNe,Own,2,Skilled_employee,2,NoNe,No,0
<_0_DM,12,All_credits_paid_at_bank,Retraining,339,<_100_DM,>=_7_years,4,Male:_married/widowed,NoNe,1,Car_or_other,45,Bank,Own,1,Unskilled_-_resident,1,NoNe,Yes,0
0-200_DM,24,Existing_credits_paid,Car_(new),3512,100-500_DM,4-7_years,2,Male:_single,NoNe,3,Car_or_other,38,Bank,Own,2,Skilled_employee,1,Yes,Yes,0
No_checking_account,6,Critical_account,Radio/Television,1898,Unknown/None,1-4_years,1,Male:_single,NoNe,2,Real_estate,34,NoNe,Own,2,Unskilled_-_resident,2,NoNe,Yes,0
No_checking_account,24,Critical_account,Radio/Television,2872,100-500_DM,>=_7_years,3,Male:_single,NoNe,4,Real_estate,36,NoNe,Own,1,Skilled_employee,2,Yes,Yes,0
No_checking_account,18,Critical_account,Car_(new),1055,<_100_DM,<_1_year,4,Female:_divorced/separated/married,NoNe,1,Building_society_savings,30,NoNe,Own,2,Skilled_employee,1,NoNe,Yes,0
No_checking_account,15,Existing_credits_paid,Domestic_appliances,1262,500-1000_DM,4-7_years,4,Male:_single,NoNe,3,Building_society_savings,36,NoNe,Own,2,Skilled_employee,1,Yes,Yes,0
0-200_DM,10,Existing_credits_paid,Car_(new),7308,<_100_DM,Unemployed,2,Male:_single,NoNe,4,Unknown/None,70,Bank,For_free,1,Management/Self-employed,1,Yes,Yes,0
No_checking_account,36,Existing_credits_paid,Car_(new),909,500-1000_DM,>=_7_years,4,Male:_single,NoNe,4,Building_society_savings,36,NoNe,Own,1,Skilled_employee,1,NoNe,Yes,0
No_checking_account,6,Existing_credits_paid,Furniture/Equipment,2978,500-1000_DM,1-4_years,1,Male:_single,NoNe,2,Car_or_other,32,NoNe,Own,1,Skilled_employee,1,Yes,Yes,0
<_0_DM,18,Existing_credits_paid,Furniture/Equipment,1131,<_100_DM,Unemployed,4,Female:_divorced/separated/married,NoNe,2,Car_or_other,33,NoNe,Own,1,Skilled_employee,1,NoNe,Yes,1
0-200_DM,11,Existing_credits_paid,Furniture/Equipment,1577,>=_1000_DM,<_1_year,4,Female:_divorced/separated/married,NoNe,1,Real_estate,20,NoNe,Own,1,Skilled_employee,1,NoNe,Yes,0
No_checking_account,24,Existing_credits_paid,Furniture/Equipment,3972,<_100_DM,4-7_years,2,Female:_divorced/separated/married,NoNe,4,Building_society_savings,25,NoNe,Rent,1,Skilled_employee,1,Yes,Yes,0
0-200_DM,24,Critical_account,Business,1935,<_100_DM,>=_7_years,4,Male:_divorced/separated,NoNe,4,Real_estate,31,NoNe,Own,2,Skilled_employee,1,Yes,Yes,1
<_0_DM,15,No_credits_/__all_paid,Car_(new),950,<_100_DM,>=_7_years,4,Male:_single,NoNe,3,Car_or_other,33,NoNe,Rent,2,Skilled_employee,2,NoNe,Yes,1
No_checking_account,12,Existing_credits_paid,Furniture/Equipment,763,<_100_DM,1-4_years,4,Female:_divorced/separated/married,NoNe,1,Real_estate,26,NoNe,Own,1,Skilled_employee,1,Yes,Yes,0
0-200_DM,24,Delay_in_past,Furniture/Equipment,2064,<_100_DM,Unemployed,3,Female:_divorced/separated/married,NoNe,2,Building_society_savings,34,NoNe,Own,1,Management/Self-employed,1,Yes,Yes,1
0-200_DM,8,Existing_credits_paid,Radio/Television,1414,<_100_DM,1-4_years,4,Male:_single,Guarantor,2,Real_estate,33,NoNe,Own,1,Skilled_employee,1,NoNe,No,0
<_0_DM,21,Delay_in_past,Education,3414,<_100_DM,<_1_year,2,Male:_single,NoNe,1,Building_society_savings,26,NoNe,Own,2,Skilled_employee,1,NoNe,Yes,1
No_checking_account,30,All_credits_paid_at_bank,Car_(used),7485,Unknown/None,Unemployed,4,Female:_divorced/separated/married,NoNe,1,Real_estate,53,Bank,Own,1,Management/Self-employed,1,Yes,Yes,1
<_0_DM,12,Existing_credits_paid,Furniture/Equipment,2577,<_100_DM,1-4_years,2,Male:_divorced/separated,NoNe,1,Car_or_other,42,NoNe,Own,1,Skilled_employee,1,NoNe,Yes,0
<_0_DM,6,Critical_account,Radio/Television,338,500-1000_DM,>=_7_years,4,Male:_single,NoNe,4,Car_or_other,52,NoNe,Own,2,Skilled_employee,1,NoNe,Yes,0
No_checking_account,12,Existing_credits_paid,Radio/Television,1963,<_100_DM,4-7_years,4,Male:_single,NoNe,2,Car_or_other,31,NoNe,Rent,2,Management/Self-employed,2,Yes,Yes,0
<_0_DM,21,Critical_account,Car_(new),571,<_100_DM,>=_7_years,4,Male:_single,NoNe,4,Real_estate,65,NoNe,Own,2,Skilled_employee,1,NoNe,Yes,0
No_checking_account,36,Delay_in_past,Business,9572,<_100_DM,<_1_year,1,Male:_divorced/separated,NoNe,1,Car_or_other,28,NoNe,Own,2,Skilled_employee,1,NoNe,Yes,1
0-200_DM,36,Delay_in_past,Business,4455,<_100_DM,1-4_years,2,Male:_divorced/separated,NoNe,2,Real_estate,30,Stores,Own,2,Management/Self-employed,1,Yes,Yes,1
<_0_DM,21,All_credits_paid_at_bank,Car_(new),1647,Unknown/None,1-4_years,4,Male:_single,NoNe,2,Building_society_savings,40,NoNe,Own,2,Unskilled_-_resident,2,NoNe,Yes,1
No_checking_account,24,Critical_account,Furniture/Equipment,3777,>=_1000_DM,1-4_years,4,Male:_single,NoNe,4,Real_estate,50,NoNe,Own,1,Skilled_employee,1,Yes,Yes,0
0-200_DM,18,Critical_account,Car_(new),884,<_100_DM,>=_7_years,4,Male:_single,NoNe,4,Car_or_other,36,Bank,Own,1,Skilled_employee,2,Yes,Yes,1
No_checking_account,15,Critical_account,Radio/Television,1360,<_100_DM,1-4_years,4,Male:_single,NoNe,2,Building_society_savings,31,NoNe,Own,2,Skilled_employee,1,NoNe,Yes,0
0-200_DM,9,All_credits_paid_at_bank,Car_(used),5129,<_100_DM,>=_7_years,2,Female:_divorced/separated/married,NoNe,4,Unknown/None,74,Bank,For_free,1,Management/Self-employed,2,Yes,Yes,1
0-200_DM,16,Critical_account,Car_(new),1175,<_100_DM,Unemployed,2,Male:_single,NoNe,3,Car_or_other,68,NoNe,For_free,3,Unemployed/Unskilled,1,Yes,Yes,0
<_0_DM,12,Existing_credits_paid,Radio/Television,674,100-500_DM,4-7_years,4,Male:_married/widowed,NoNe,1,Building_society_savings,20,NoNe,Own,1,Skilled_employee,1,NoNe,Yes,1
0-200_DM,18,No_credits_/__all_paid,Furniture/Equipment,3244,<_100_DM,1-4_years,1,Female:_divorced/separated/married,NoNe,4,Car_or_other,33,Bank,Own,2,Skilled_employee,1,Yes,Yes,0
No_checking_account,24,Existing_credits_paid,Business,4591,>=_1000_DM,1-4_years,2,Male:_single,NoNe,3,Building_society_savings,54,NoNe,Own,3,Management/Self-employed,1,Yes,Yes,1
0-200_DM,48,No_credits_/__all_paid,Business,3844,100-500_DM,4-7_years,4,Male:_single,NoNe,4,Unknown/None,34,NoNe,For_free,1,Unskilled_-_resident,2,NoNe,Yes,1
0-200_DM,27,Existing_credits_paid,Business,3915,<_100_DM,1-4_years,4,Male:_single,NoNe,2,Car_or_other,36,NoNe,Own,1,Skilled_employee,2,Yes,Yes,1
No_checking_account,6,Existing_credits_paid,Radio/Television,2108,<_100_DM,4-7_years,2,Male:_married/widowed,NoNe,2,Real_estate,29,NoNe,Rent,1,Skilled_employee,1,NoNe,Yes,0
0-200_DM,45,Existing_credits_paid,Radio/Television,3031,100-500_DM,1-4_years,4,Male:_single,Guarantor,4,Building_society_savings,21,NoNe,Rent,1,Skilled_employee,1,NoNe,Yes,1
0-200_DM,9,Critical_account,Education,1501,<_100_DM,>=_7_years,2,Female:_divorced/separated/married,NoNe,3,Car_or_other,34,NoNe,Own,2,Management/Self-employed,1,Yes,Yes,1
No_checking_account,6,Critical_account,Radio/Television,1382,<_100_DM,1-4_years,1,Female:_divorced/separated/married,NoNe,1,Car_or_other,28,NoNe,Own,2,Skilled_employee,1,Yes,Yes,0
0-200_DM,12,Existing_credits_paid,Furniture/Equipment,951,100-500_DM,<_1_year,4,Female:_divorced/separated/married,NoNe,4,Car_or_other,27,Bank,Rent,4,Skilled_employee,1,NoNe,Yes,1
0-200_DM,24,Existing_credits_paid,Car_(used),2760,Unknown/None,>=_7_years,4,Male:_single,NoNe,4,Unknown/None,36,Bank,For_free,1,Skilled_employee,1,Yes,Yes,0
0-200_DM,18,Delay_in_past,Furniture/Equipment,4297,<_100_DM,>=_7_years,4,Male:_divorced/separated,NoNe,3,Unknown/None,40,NoNe,Own,1,Management/Self-employed,1,Yes,Yes,1
No_checking_account,9,Critical_account,Education,936,500-1000_DM,>=_7_years,4,Male:_single,NoNe,2,Car_or_other,52,NoNe,Own,2,Skilled_employee,1,Yes,Yes,0
<_0_DM,12,Existing_credits_paid,Car_(new),1168,<_100_DM,1-4_years,4,Male:_married/widowed,NoNe,3,Real_estate,27,NoNe,Own,1,Unskilled_-_resident,1,NoNe,Yes,0
No_checking_account,27,Delay_in_past,Business,5117,<_100_DM,4-7_years,3,Male:_single,NoNe,4,Car_or_other,26,NoNe,Own,2,Skilled_employee,1,NoNe,Yes,0
<_0_DM,12,Existing_credits_paid,Retraining,902,<_100_DM,4-7_years,4,Male:_married/widowed,NoNe,4,Building_society_savings,21,NoNe,Rent,1,Skilled_employee,1,NoNe,Yes,1
No_checking_account,12,Critical_account,Car_(new),1495,<_100_DM,>=_7_years,4,Male:_single,NoNe,1,Real_estate,38,NoNe,Own,2,Unskilled_-_resident,2,NoNe,Yes,0
<_0_DM,30,Critical_account,Car_(used),10623,<_100_DM,>=_7_years,3,Male:_single,NoNe,4,Unknown/None,38,NoNe,For_free,3,Management/Self-employed,2,Yes,Yes,0
No_checking_account,12,Critical_account,Furniture/Equipment,1935,<_100_DM,>=_7_years,4,Male:_single,NoNe,4,Real_estate,43,NoNe,Own,3,Skilled_employee,1,Yes,Yes,0
0-200_DM,12,Critical_account,Domestic_appliances,1424,<_100_DM,4-7_years,4,Male:_single,NoNe,3,Building_society_savings,26,NoNe,Own,1,Skilled_employee,1,NoNe,Yes,0
<_0_DM,24,Existing_credits_paid,Business,6568,<_100_DM,1-4_years,2,Male:_married/widowed,NoNe,2,Car_or_other,21,Stores,Own,1,Unskilled_-_resident,1,NoNe,Yes,0
No_checking_account,12,Existing_credits_paid,Car_(used),1413,>=_1000_DM,4-7_years,3,Male:_single,NoNe,2,Building_society_savings,55,NoNe,Own,1,Skilled_employee,1,NoNe,No,0
No_checking_account,9,Critical_account,Radio/Television,3074,Unknown/None,1-4_years,1,Male:_single,NoNe,2,Real_estate,33,NoNe,Own,2,Skilled_employee,2,NoNe,Yes,0
No_checking_account,36,Existing_credits_paid,Radio/Television,3835,Unknown/None,>=_7_years,2,Female:_divorced/separated/married,NoNe,4,Real_estate,45,NoNe,Own,1,Unskilled_-_resident,1,Yes,Yes,0
<_0_DM,27,No_credits_/__all_paid,Business,5293,<_100_DM,Unemployed,2,Male:_single,NoNe,4,Building_society_savings,50,Stores,Own,2,Skilled_employee,1,Yes,Yes,1
>=_200_DM,30,Delay_in_past,Business,1908,<_100_DM,>=_7_years,4,Male:_single,NoNe,4,Real_estate,66,NoNe,Own,1,Management/Self-employed,1,Yes,Yes,1
No_checking_account,36,Critical_account,Radio/Television,3342,Unknown/None,>=_7_years,4,Male:_single,NoNe,2,Car_or_other,51,NoNe,Own,1,Skilled_employee,1,Yes,Yes,0
0-200_DM,6,Critical_account,Retraining,932,Unknown/None,4-7_years,1,Female:_divorced/separated/married,NoNe,3,Building_society_savings,39,NoNe,Own,2,Unskilled_-_resident,1,NoNe,Yes,0
<_0_DM,18,No_credits_/__all_paid,Business,3104,<_100_DM,4-7_years,3,Male:_single,NoNe,1,Building_society_savings,31,Bank,Own,1,Skilled_employee,1,Yes,Yes,0
>=_200_DM,36,Existing_credits_paid,Radio/Television,3913,<_100_DM,1-4_years,2,Male:_single,NoNe,2,Real_estate,23,NoNe,Own,1,Skilled_employee,1,Yes,Yes,0
<_0_DM,24,Existing_credits_paid,Furniture/Equipment,3021,<_100_DM,1-4_years,2,Male:_divorced/separated,NoNe,2,Real_estate,24,NoNe,Rent,1,Unskilled_-_resident,1,NoNe,Yes,0
No_checking_account,10,Existing_credits_paid,Car_(new),1364,<_100_DM,1-4_years,2,Female:_divorced/separated/married,NoNe,4,Car_or_other,64,NoNe,Own,1,Skilled_employee,1,Yes,Yes,0
0-200_DM,12,Existing_credits_paid,Radio/Television,625,<_100_DM,<_1_year,4,Male:_married/widowed,Guarantor,1,Real_estate,26,Bank,Own,1,Unskilled_-_resident,1,NoNe,Yes,0
<_0_DM,12,Existing_credits_paid,Education,1200,Unknown/None,1-4_years,4,Female:_divorced/separated/married,NoNe,4,Building_society_savings,23,Bank,Rent,1,Skilled_employee,1,Yes,Yes,0
No_checking_account,12,Existing_credits_paid,Radio/Television,707,<_100_DM,1-4_years,4,Male:_single,NoNe,2,Real_estate,30,Bank,Own,2,Skilled_employee,1,NoNe,Yes,0
No_checking_account,24,Delay_in_past,Business,2978,Unknown/None,1-4_years,4,Male:_single,NoNe,4,Real_estate,32,NoNe,Own,2,Skilled_employee,2,Yes,Yes,0
No_checking_account,15,Existing_credits_paid,Car_(used),4657,<_100_DM,1-4_years,3,Male:_single,NoNe,2,Car_or_other,30,NoNe,Own,1,Skilled_employee,1,Yes,Yes,0
No_checking_account,36,No_credits_/__all_paid,Repairs,2613,<_100_DM,1-4_years,4,Male:_single,NoNe,2,Car_or_other,27,NoNe,Own,2,Skilled_employee,1,NoNe,Yes,0
0-200_DM,48,Existing_credits_paid,Radio/Television,10961,>=_1000_DM,4-7_years,1,Male:_single,Co-applicant,2,Unknown/None,27,Bank,Own,2,Skilled_employee,1,Yes,Yes,1
<_0_DM,12,Existing_credits_paid,Furniture/Equipment,7865,<_100_DM,>=_7_years,4,Male:_single,NoNe,4,Unknown/None,53,NoNe,For_free,1,Management/Self-employed,1,Yes,Yes,1
No_checking_account,9,Existing_credits_paid,Radio/Television,1478,<_100_DM,4-7_years,4,Male:_single,NoNe,2,Car_or_other,22,NoNe,Own,1,Skilled_employee,1,NoNe,Yes,1
<_0_DM,24,Existing_credits_paid,Furniture/Equipment,3149,<_100_DM,<_1_year,4,Male:_single,NoNe,1,Unknown/None,22,Bank,For_free,1,Skilled_employee,1,NoNe,Yes,0
>=_200_DM,36,Existing_credits_paid,Radio/Television,4210,<_100_DM,1-4_years,4,Male:_single,NoNe,2,Car_or_other,26,NoNe,Own,1,Skilled_employee,1,NoNe,Yes,1
No_checking_account,9,Existing_credits_paid,Car_(new),2507,500-1000_DM,>=_7_years,2,Male:_single,NoNe,4,Unknown/None,51,NoNe,For_free,1,Unskilled_-_resident,1,NoNe,Yes,0
No_checking_account,12,Existing_credits_paid,Radio/Television,2141,100-500_DM,4-7_years,3,Male:_single,NoNe,1,Unknown/None,35,NoNe,Own,1,Skilled_employee,1,NoNe,Yes,0
0-200_DM,18,Existing_credits_paid,Radio/Television,866,<_100_DM,1-4_years,4,Male:_married/widowed,Guarantor,2,Real_estate,25,NoNe,Own,1,Unskilled_-_resident,1,NoNe,Yes,0
No_checking_account,4,Critical_account,Radio/Television,1544,<_100_DM,4-7_years,2,Male:_single,NoNe,1,Real_estate,42,NoNe,Own,3,Unskilled_-_resident,2,NoNe,Yes,0
<_0_DM,24,Existing_credits_paid,Radio/Television,1823,<_100_DM,Unemployed,4,Male:_single,NoNe,2,Car_or_other,30,Stores,Own,1,Management/Self-employed,2,NoNe,Yes,1
0-200_DM,6,Existing_credits_paid,Car_(new),14555,Unknown/None,Unemployed,1,Male:_single,NoNe,2,Building_society_savings,23,NoNe,Own,1,Unemployed/Unskilled,1,Yes,Yes,1
0-200_DM,21,Existing_credits_paid,Business,2767,100-500_DM,>=_7_years,4,Male:_divorced/separated,NoNe,2,Car_or_other,61,Bank,Rent,2,Unskilled_-_resident,1,NoNe,Yes,1
No_checking_account,12,Critical_account,Radio/Television,1291,<_100_DM,1-4_years,4,Female:_divorced/separated/married,NoNe,2,Building_society_savings,35,NoNe,Own,2,Skilled_employee,1,NoNe,Yes,0
<_0_DM,30,Existing_credits_paid,Radio/Television,2522,<_100_DM,>=_7_years,1,Male:_single,Guarantor,3,Building_society_savings,39,NoNe,Own,1,Skilled_employee,2,NoNe,Yes,0
<_0_DM,24,Existing_credits_paid,Car_(new),915,Unknown/None,>=_7_years,4,Female:_divorced/separated/married,NoNe,2,Car_or_other,29,Bank,Own,1,Skilled_employee,1,NoNe,Yes,1
No_checking_account,6,Existing_credits_paid,Radio/Television,1595,<_100_DM,4-7_years,3,Male:_single,NoNe,2,Building_society_savings,51,NoNe,Own,1,Skilled_employee,2,NoNe,Yes,0
<_0_DM,48,No_credits_/__all_paid,Car_(used),4605,<_100_DM,>=_7_years,3,Male:_single,NoNe,4,Unknown/None,24,NoNe,For_free,2,Skilled_employee,2,NoNe,Yes,1
No_checking_account,12,Critical_account,Business,1185,<_100_DM,1-4_years,3,Female:_divorced/separated/married,NoNe,2,Real_estate,27,NoNe,Own,2,Skilled_employee,1,NoNe,Yes,0
No_checking_account,12,All_credits_paid_at_bank,Retraining,3447,500-1000_DM,1-4_years,4,Female:_divorced/separated/married,NoNe,3,Real_estate,35,NoNe,Own,1,Unskilled_-_resident,2,NoNe,Yes,0
No_checking_account,24,Existing_credits_paid,Business,1258,<_100_DM,4-7_years,4,Male:_single,NoNe,1,Real_estate,25,NoNe,Own,1,Skilled_employee,1,Yes,Yes,0
No_checking_account,12,Critical_account,Radio/Television,717,<_100_DM,>=_7_years,4,Male:_single,NoNe,4,Real_estate,52,NoNe,Own,3,Skilled_employee,1,NoNe,Yes,0
No_checking_account,6,No_credits_/__all_paid,Car_(new),1204,100-500_DM,1-4_years,4,Male:_single,NoNe,1,Unknown/None,35,Bank,Rent,1,Skilled_employee,1,NoNe,No,0
>=_200_DM,24,Existing_credits_paid,Furniture/Equipment,1925,<_100_DM,1-4_years,2,Male:_single,NoNe,2,Real_estate,26,NoNe,Own,1,Skilled_employee,1,NoNe,Yes,0
No_checking_account,18,Existing_credits_paid,Radio/Television,433,<_100_DM,Unemployed,3,Female:_divorced/separated/married,Co-applicant,4,Real_estate,22,NoNe,Rent,1,Skilled_employee,1,NoNe,Yes,1
<_0_DM,6,Critical_account,Car_(new),666,>=_1000_DM,4-7_years,3,Female:_divorced/separated/married,NoNe,4,Real_estate,39,NoNe,Own,2,Unskilled_-_resident,1,Yes,Yes,0
>=_200_DM,12,Existing_credits_paid,Furniture/Equipment,2251,<_100_DM,1-4_years,1,Female:_divorced/separated/married,NoNe,2,Car_or_other,46,NoNe,Own,1,Unskilled_-_resident,1,NoNe,Yes,0
0-200_DM,30,Existing_credits_paid,Car_(new),2150,<_100_DM,1-4_years,4,Female:_divorced/separated/married,Guarantor,2,Unknown/None,24,Bank,Own,1,Skilled_employee,1,NoNe,Yes,1
No_checking_account,24,Delay_in_past,Furniture/Equipment,4151,100-500_DM,1-4_years,2,Male:_single,NoNe,3,Building_society_savings,35,NoNe,Own,2,Skilled_employee,1,NoNe,Yes,0
0-200_DM,9,Existing_credits_paid,Furniture/Equipment,2030,Unknown/None,4-7_years,2,Male:_single,NoNe,1,Car_or_other,24,NoNe,Own,1,Skilled_employee,1,Yes,Yes,0
0-200_DM,60,Delay_in_past,Radio/Television,7418,Unknown/None,1-4_years,1,Male:_single,NoNe,1,Real_estate,27,NoNe,Own,1,Unskilled_-_resident,1,NoNe,Yes,0
No_checking_account,24,Critical_account,Radio/Television,2684,<_100_DM,1-4_years,4,Male:_single,NoNe,2,Real_estate,35,NoNe,Own,2,Unskilled_-_resident,1,NoNe,Yes,0
<_0_DM,12,All_credits_paid_at_bank,Radio/Television,2149,<_100_DM,1-4_years,4,Male:_divorced/separated,NoNe,1,Unknown/None,29,NoNe,For_free,1,Skilled_employee,1,NoNe,Yes,1
No_checking_account,15,Existing_credits_paid,Car_(used),3812,100-500_DM,<_1_year,1,Female:_divorced/separated/married,NoNe,4,Car_or_other,23,NoNe,Own,1,Skilled_employee,1,Yes,Yes,0
No_checking_account,11,Critical_account,Radio/Television,1154,100-500_DM,Unemployed,4,Female:_divorced/separated/married,NoNe,4,Real_estate,57,NoNe,Own,3,Unskilled_-_resident,1,NoNe,Yes,0
<_0_DM,12,Existing_credits_paid,Furniture/Equipment,1657,<_100_DM,1-4_years,2,Male:_single,NoNe,2,Real_estate,27,NoNe,Own,1,Skilled_employee,1,NoNe,Yes,0
<_0_DM,24,Existing_credits_paid,Radio/Television,1603,<_100_DM,>=_7_years,4,Female:_divorced/separated/married,NoNe,4,Car_or_other,55,NoNe,Own,1,Skilled_employee,1,NoNe,Yes,0
<_0_DM,18,Critical_account,Car_(new),5302,<_100_DM,>=_7_years,2,Male:_single,NoNe,4,Unknown/None,36,NoNe,For_free,3,Management/Self-employed,1,Yes,Yes,0
No_checking_account,12,Critical_account,Education,2748,<_100_DM,>=_7_years,2,Female:_divorced/separated/married,NoNe,4,Unknown/None,57,Bank,For_free,3,Unskilled_-_resident,1,NoNe,Yes,0
No_checking_account,10,Critical_account,Car_(new),1231,<_100_DM,>=_7_years,3,Male:_single,NoNe,4,Real_estate,32,NoNe,Own,2,Unskilled_-_resident,2,NoNe,No,0
0-200_DM,15,Existing_credits_paid,Radio/Television,802,<_100_DM,>=_7_years,4,Male:_single,NoNe,3,Car_or_other,37,NoNe,Own,1,Skilled_employee,2,NoNe,Yes,1
No_checking_account,36,Critical_account,Business,6304,Unknown/None,>=_7_years,4,Male:_single,NoNe,4,Real_estate,36,NoNe,Own,2,Skilled_employee,1,NoNe,Yes,0
No_checking_account,24,Existing_credits_paid,Radio/Television,1533,<_100_DM,<_1_year,4,Female:_divorced/separated/married,NoNe,3,Car_or_other,38,Stores,Own,1,Skilled_employee,1,Yes,Yes,0
<_0_DM,14,Existing_credits_paid,Car_(new),8978,<_100_DM,>=_7_years,1,Male:_divorced/separated,NoNe,4,Building_society_savings,45,NoNe,Own,1,Management/Self-employed,1,Yes,No,1
No_checking_account,24,Existing_credits_paid,Radio/Television,999,Unknown/None,>=_7_years,4,Male:_single,NoNe,2,Car_or_other,25,NoNe,Own,2,Skilled_employee,1,NoNe,Yes,0
No_checking_account,18,Existing_credits_paid,Car_(new),2662,Unknown/None,4-7_years,4,Male:_single,NoNe,3,Building_society_savings,32,NoNe,Own,1,Skilled_employee,1,NoNe,No,0
No_checking_account,12,Critical_account,Furniture/Equipment,1402,500-1000_DM,4-7_years,3,Female:_divorced/separated/married,NoNe,4,Car_or_other,37,NoNe,Rent,1,Skilled_employee,1,Yes,Yes,0
0-200_DM,48,All_credits_paid_at_bank,Car_(new),12169,Unknown/None,Unemployed,4,Male:_single,Co-applicant,4,Unknown/None,36,NoNe,For_free,1,Management/Self-employed,1,Yes,Yes,0
0-200_DM,48,Existing_credits_paid,Radio/Television,3060,<_100_DM,4-7_years,4,Male:_single,NoNe,4,Real_estate,28,NoNe,Own,2,Skilled_employee,1,NoNe,Yes,1
<_0_DM,30,Existing_credits_paid,Repairs,11998,<_100_DM,<_1_year,1,Male:_divorced/separated,NoNe,1,Unknown/None,34,NoNe,Own,1,Unskilled_-_resident,1,Yes,Yes,1
No_checking_account,9,Existing_credits_paid,Radio/Television,2697,<_100_DM,1-4_years,1,Male:_single,NoNe,2,Real_estate,32,NoNe,Own,1,Skilled_employee,2,NoNe,Yes,0
No_checking_account,18,Critical_account,Radio/Television,2404,<_100_DM,1-4_years,2,Female:_divorced/separated/married,NoNe,2,Car_or_other,26,NoNe,Own,2,Skilled_employee,1,NoNe,Yes,0
<_0_DM,12,Existing_credits_paid,Furniture/Equipment,1262,Unknown/None,>=_7_years,2,Male:_divorced/separated,NoNe,4,Building_society_savings,49,NoNe,Own,1,Unskilled_-_resident,1,Yes,Yes,0
No_checking_account,6,Existing_credits_paid,Furniture/Equipment,4611,<_100_DM,<_1_year,1,Female:_divorced/separated/married,NoNe,4,Building_society_savings,32,NoNe,Own,1,Skilled_employee,1,NoNe,Yes,1
No_checking_account,24,Existing_credits_paid,Radio/Television,1901,100-500_DM,1-4_years,4,Male:_single,NoNe,4,Car_or_other,29,NoNe,Rent,1,Management/Self-employed,1,Yes,Yes,0
No_checking_account,15,Critical_account,Car_(used),3368,>=_1000_DM,>=_7_years,3,Male:_single,NoNe,4,Unknown/None,23,NoNe,Rent,2,Skilled_employee,1,Yes,Yes,0
No_checking_account,12,Existing_credits_paid,Furniture/Equipment,1574,<_100_DM,1-4_years,4,Male:_single,NoNe,2,Real_estate,50,NoNe,Own,1,Skilled_employee,1,NoNe,Yes,0
>=_200_DM,18,All_credits_paid_at_bank,Radio/Television,1445,Unknown/None,4-7_years,4,Male:_single,NoNe,4,Car_or_other,49,Bank,Own,1,Unskilled_-_resident,1,NoNe,Yes,0
No_checking_account,15,Critical_account,Furniture/Equipment,1520,Unknown/None,>=_7_years,4,Male:_single,NoNe,4,Building_society_savings,63,NoNe,Own,1,Skilled_employee,1,NoNe,Yes,0
0-200_DM,24,Critical_account,Car_(new),3878,100-500_DM,<_1_year,4,Male:_divorced/separated,NoNe,2,Car_or_other,37,NoNe,Own,1,Skilled_employee,1,Yes,Yes,0
<_0_DM,47,Existing_credits_paid,Car_(new),10722,<_100_DM,<_1_year,1,Female:_divorced/separated/married,NoNe,1,Real_estate,35,NoNe,Own,1,Unskilled_-_resident,1,Yes,Yes,0
<_0_DM,48,Existing_credits_paid,Car_(used),4788,<_100_DM,4-7_years,4,Male:_single,NoNe,3,Building_society_savings,26,NoNe,Own,1,Skilled_employee,2,NoNe,Yes,0
0-200_DM,48,Delay_in_past,Others,7582,100-500_DM,Unemployed,2,Male:_single,NoNe,4,Unknown/None,31,NoNe,For_free,1,Management/Self-employed,1,Yes,Yes,0
0-200_DM,12,Existing_credits_paid,Radio/Television,1092,<_100_DM,1-4_years,4,Female:_divorced/separated/married,Guarantor,4,Real_estate,49,NoNe,Own,2,Skilled_employee,1,Yes,Yes,0
<_0_DM,24,Delay_in_past,Radio/Television,1024,<_100_DM,<_1_year,4,Male:_married/widowed,NoNe,4,Real_estate,48,Stores,Own,1,Skilled_employee,1,NoNe,Yes,1
No_checking_account,12,Existing_credits_paid,Business,1076,<_100_DM,1-4_years,2,Male:_married/widowed,NoNe,2,Real_estate,26,NoNe,Own,1,Skilled_employee,1,Yes,No,0
0-200_DM,36,Existing_credits_paid,Car_(used),9398,<_100_DM,<_1_year,1,Male:_married/widowed,NoNe,4,Car_or_other,28,NoNe,Rent,1,Management/Self-employed,1,Yes,Yes,1
<_0_DM,24,Critical_account,Car_(used),6419,<_100_DM,>=_7_years,2,Female:_divorced/separated/married,NoNe,4,Unknown/None,44,NoNe,For_free,2,Management/Self-employed,2,Yes,Yes,0
>=_200_DM,42,Critical_account,Car_(used),4796,<_100_DM,>=_7_years,4,Male:_single,NoNe,4,Unknown/None,56,NoNe,For_free,1,Skilled_employee,1,NoNe,Yes,0
No_checking_account,48,Critical_account,Business,7629,Unknown/None,>=_7_years,4,Male:_divorced/separated,NoNe,2,Car_or_other,46,Bank,Own,2,Management/Self-employed,2,NoNe,Yes,0
0-200_DM,48,Existing_credits_paid,Furniture/Equipment,9960,<_100_DM,<_1_year,1,Female:_divorced/separated/married,NoNe,2,Car_or_other,26,NoNe,Own,1,Skilled_employee,1,Yes,Yes,1
No_checking_account,12,Existing_credits_paid,Car_(used),4675,Unknown/None,<_1_year,1,Female:_divorced/separated/married,NoNe,4,Car_or_other,20,NoNe,Rent,1,Skilled_employee,1,NoNe,Yes,0
No_checking_account,10,Existing_credits_paid,Car_(new),1287,Unknown/None,>=_7_years,4,Male:_single,Co-applicant,2,Building_society_savings,45,NoNe,Own,1,Unskilled_-_resident,1,NoNe,No,0
No_checking_account,18,Existing_credits_paid,Furniture/Equipment,2515,<_100_DM,1-4_years,3,Male:_single,NoNe,4,Real_estate,43,NoNe,Own,1,Skilled_employee,1,Yes,Yes,0
0-200_DM,21,Critical_account,Furniture/Equipment,2745,>=_1000_DM,4-7_years,3,Male:_single,NoNe,2,Car_or_other,32,NoNe,Own,2,Skilled_employee,1,Yes,Yes,0
No_checking_account,6,Existing_credits_paid,Car_(new),672,<_100_DM,Unemployed,1,Female:_divorced/separated/married,NoNe,4,Real_estate,54,NoNe,Own,1,Unemployed/Unskilled,1,Yes,Yes,0
0-200_DM,36,No_credits_/__all_paid,Radio/Television,3804,<_100_DM,1-4_years,4,Female:_divorced/separated/married,NoNe,1,Car_or_other,42,NoNe,Own,1,Skilled_employee,1,Yes,Yes,1
>=_200_DM,24,Critical_account,Car_(new),1344,Unknown/None,4-7_years,4,Male:_single,NoNe,2,Real_estate,37,Bank,Own,2,Unskilled_-_resident,2,NoNe,Yes,1
<_0_DM,10,Critical_account,Car_(new),1038,<_100_DM,4-7_years,4,Male:_single,Co-applicant,3,Building_society_savings,49,NoNe,Own,2,Skilled_employee,1,Yes,Yes,0
No_checking_account,48,Critical_account,Car_(new),10127,500-1000_DM,1-4_years,2,Male:_single,NoNe,2,Unknown/None,44,Bank,For_free,1,Skilled_employee,1,NoNe,Yes,1
No_checking_account,6,Existing_credits_paid,Furniture/Equipment,1543,>=_1000_DM,1-4_years,4,Male:_divorced/separated,NoNe,2,Real_estate,33,NoNe,Own,1,Skilled_employee,1,NoNe,Yes,0
No_checking_account,30,Existing_credits_paid,Car_(used),4811,Unknown/None,4-7_years,2,Female:_divorced/separated/married,NoNe,4,Building_society_savings,24,Stores,Rent,1,Unskilled_-_resident,1,NoNe,Yes,0
<_0_DM,12,Existing_credits_paid,Radio/Television,727,100-500_DM,<_1_year,4,Male:_married/widowed,NoNe,3,Unknown/None,33,NoNe,Own,1,Unskilled_-_resident,1,Yes,Yes,1
0-200_DM,8,Existing_credits_paid,Furniture/Equipment,1237,<_100_DM,1-4_years,3,Female:_divorced/separated/married,NoNe,4,Real_estate,24,NoNe,Own,1,Skilled_employee,1,NoNe,Yes,1
0-200_DM,9,Existing_credits_paid,Car_(new),276,<_100_DM,1-4_years,4,Male:_married/widowed,NoNe,4,Real_estate,22,NoNe,Rent,1,Unskilled_-_resident,1,NoNe,Yes,0
0-200_DM,48,Existing_credits_paid,Others,5381,Unknown/None,Unemployed,3,Male:_single,NoNe,4,Unknown/None,40,Bank,For_free,1,Unemployed/Unskilled,1,Yes,Yes,0
No_checking_account,24,Existing_credits_paid,Furniture/Equipment,5511,100-500_DM,1-4_years,4,Male:_single,NoNe,1,Car_or_other,25,Stores,Own,1,Skilled_employee,1,NoNe,Yes,0
>=_200_DM,24,Existing_credits_paid,Furniture/Equipment,3749,<_100_DM,<_1_year,2,Female:_divorced/separated/married,NoNe,4,Car_or_other,26,NoNe,Own,1,Skilled_employee,1,NoNe,Yes,0
0-200_DM,12,Existing_credits_paid,Car_(new),685,<_100_DM,4-7_years,2,Male:_married/widowed,NoNe,3,Car_or_other,25,Bank,Own,1,Unskilled_-_resident,1,NoNe,Yes,1
>=_200_DM,4,Existing_credits_paid,Car_(new),1494,Unknown/None,<_1_year,1,Male:_single,NoNe,2,Real_estate,29,NoNe,Own,1,Unskilled_-_resident,2,NoNe,No,0
<_0_DM,36,All_credits_paid_at_bank,Furniture/Equipment,2746,<_100_DM,>=_7_years,4,Male:_single,NoNe,4,Car_or_other,31,Bank,Own,1,Skilled_employee,1,NoNe,Yes,1
<_0_DM,12,Existing_credits_paid,Furniture/Equipment,708,<_100_DM,1-4_years,2,Male:_single,Guarantor,3,Building_society_savings,38,NoNe,Own,1,Unskilled_-_resident,2,NoNe,Yes,0
0-200_DM,24,Existing_credits_paid,Furniture/Equipment,4351,Unknown/None,1-4_years,1,Female:_divorced/separated/married,NoNe,4,Building_society_savings,48,NoNe,Own,1,Unskilled_-_resident,1,Yes,Yes,0
No_checking_account,12,Critical_account,Education,701,<_100_DM,1-4_years,4,Male:_single,NoNe,2,Car_or_other,32,NoNe,Own,2,Skilled_employee,1,NoNe,Yes,0
<_0_DM,15,Delay_in_past,Furniture/Equipment,3643,<_100_DM,>=_7_years,1,Female:_divorced/separated/married,NoNe,4,Building_society_savings,27,NoNe,Own,2,Unskilled_-_resident,1,NoNe,Yes,0
0-200_DM,30,Critical_account,Car_(new),4249,<_100_DM,Unemployed,4,Male:_married/widowed,NoNe,2,Car_or_other,28,NoNe,Own,2,Management/Self-employed,1,NoNe,Yes,1
<_0_DM,24,Existing_credits_paid,Radio/Television,1938,<_100_DM,<_1_year,4,Male:_divorced/separated,NoNe,3,Building_society_savings,32,NoNe,Own,1,Skilled_employee,1,NoNe,Yes,1
<_0_DM,24,Existing_credits_paid,Car_(used),2910,<_100_DM,4-7_years,2,Male:_single,NoNe,1,Unknown/None,34,NoNe,For_free,1,Management/Self-employed,1,Yes,Yes,0
<_0_DM,18,Existing_credits_paid,Furniture/Equipment,2659,>=_1000_DM,1-4_years,4,Male:_single,NoNe,2,Car_or_other,28,NoNe,Own,1,Skilled_employee,1,NoNe,Yes,0
No_checking_account,18,Critical_account,Car_(new),1028,<_100_DM,1-4_years,4,Female:_divorced/separated/married,NoNe,3,Real_estate,36,NoNe,Own,2,Skilled_employee,1,NoNe,Yes,0
<_0_DM,8,Critical_account,Car_(new),3398,<_100_DM,4-7_years,1,Male:_single,NoNe,4,Real_estate,39,NoNe,Own,2,Unskilled_-_resident,1,NoNe,No,0
No_checking_account,12,Critical_account,Furniture/Equipment,5801,Unknown/None,>=_7_years,2,Male:_single,NoNe,4,Building_society_savings,49,NoNe,Rent,1,Skilled_employee,1,Yes,Yes,0
No_checking_account,24,Existing_credits_paid,Car_(new),1525,>=_1000_DM,4-7_years,4,Female:_divorced/separated/married,NoNe,3,Car_or_other,34,NoNe,Own,1,Skilled_employee,2,Yes,Yes,0
>=_200_DM,36,Existing_credits_paid,Radio/Television,4473,<_100_DM,>=_7_years,4,Male:_single,NoNe,2,Car_or_other,31,NoNe,Own,1,Skilled_employee,1,NoNe,Yes,0
0-200_DM,6,Existing_credits_paid,Radio/Television,1068,<_100_DM,>=_7_years,4,Male:_single,NoNe,4,Car_or_other,28,NoNe,Own,1,Skilled_employee,2,NoNe,Yes,0
<_0_DM,24,Critical_account,Car_(used),6615,<_100_DM,Unemployed,2,Male:_single,NoNe,4,Unknown/None,75,NoNe,For_free,2,Management/Self-employed,1,Yes,Yes,0
No_checking_account,18,Critical_account,Education,1864,100-500_DM,1-4_years,4,Female:_divorced/separated/married,NoNe,2,Real_estate,30,NoNe,Own,2,Skilled_employee,1,NoNe,Yes,1
0-200_DM,60,Existing_credits_paid,Car_(new),7408,100-500_DM,<_1_year,4,Female:_divorced/separated/married,NoNe,2,Building_society_savings,24,NoNe,Own,1,Management/Self-employed,1,NoNe,Yes,1
No_checking_account,48,Critical_account,Car_(used),11590,100-500_DM,1-4_years,2,Female:_divorced/separated/married,NoNe,4,Car_or_other,24,Bank,Rent,2,Unskilled_-_resident,1,NoNe,Yes,1
<_0_DM,24,No_credits_/__all_paid,Furniture/Equipment,4110,<_100_DM,>=_7_years,3,Male:_single,NoNe,4,Unknown/None,23,Bank,Rent,2,Skilled_employee,2,NoNe,Yes,1
<_0_DM,6,Critical_account,Furniture/Equipment,3384,<_100_DM,1-4_years,1,Male:_divorced/separated,NoNe,4,Real_estate,44,NoNe,Rent,1,Management/Self-employed,1,Yes,Yes,1
0-200_DM,13,Existing_credits_paid,Radio/Television,2101,<_100_DM,<_1_year,2,Female:_divorced/separated/married,Guarantor,4,Building_society_savings,23,NoNe,Own,1,Unskilled_-_resident,1,NoNe,Yes,0
<_0_DM,15,Existing_credits_paid,Domestic_appliances,1275,Unknown/None,1-4_years,4,Female:_divorced/separated/married,NoNe,2,Car_or_other,24,NoNe,Rent,1,Skilled_employee,1,NoNe,Yes,1
<_0_DM,24,Existing_credits_paid,Furniture/Equipment,4169,<_100_DM,1-4_years,4,Male:_single,NoNe,4,Building_society_savings,28,NoNe,Own,1,Skilled_employee,1,NoNe,Yes,0
0-200_DM,10,Existing_credits_paid,Furniture/Equipment,1521,<_100_DM,1-4_years,4,Male:_divorced/separated,NoNe,2,Car_or_other,31,NoNe,Own,1,Unskilled_-_resident,1,NoNe,Yes,0
0-200_DM,24,Critical_account,Education,5743,<_100_DM,<_1_year,2,Female:_divorced/separated/married,NoNe,4,Unknown/None,24,NoNe,For_free,2,Skilled_employee,1,Yes,Yes,0
<_0_DM,21,Existing_credits_paid,Furniture/Equipment,3599,<_100_DM,4-7_years,1,Female:_divorced/separated/married,NoNe,4,Car_or_other,26,NoNe,Rent,1,Unskilled_-_resident,1,NoNe,Yes,0
0-200_DM,18,Existing_credits_paid,Radio/Television,3213,500-1000_DM,<_1_year,1,Male:_married/widowed,NoNe,3,Real_estate,25,NoNe,Rent,1,Skilled_employee,1,NoNe,Yes,0
0-200_DM,18,Existing_credits_paid,Business,4439,<_100_DM,>=_7_years,1,Male:_single,Co-applicant,1,Real_estate,33,Bank,Own,1,Management/Self-employed,1,Yes,Yes,0
>=_200_DM,10,Existing_credits_paid,Car_(new),3949,<_100_DM,<_1_year,1,Male:_single,Guarantor,1,Building_society_savings,37,NoNe,Own,1,Unskilled_-_resident,2,NoNe,Yes,0
No_checking_account,15,Critical_account,Radio/Television,1459,<_100_DM,1-4_years,4,Female:_divorced/separated/married,NoNe,2,Car_or_other,43,NoNe,Own,1,Unskilled_-_resident,1,NoNe,Yes,0
0-200_DM,13,Critical_account,Radio/Television,882,<_100_DM,<_1_year,4,Male:_single,Guarantor,4,Real_estate,23,NoNe,Own,2,Skilled_employee,1,NoNe,Yes,0
0-200_DM,24,Existing_credits_paid,Radio/Television,3758,500-1000_DM,Unemployed,1,Female:_divorced/separated/married,NoNe,4,Unknown/None,23,NoNe,Rent,1,Unemployed/Unskilled,1,NoNe,Yes,0
No_checking_account,6,Delay_in_past,Business,1743,100-500_DM,1-4_years,1,Male:_single,NoNe,2,Real_estate,34,NoNe,Own,2,Unskilled_-_resident,1,NoNe,Yes,0
0-200_DM,9,Critical_account,Education,1136,>=_1000_DM,>=_7_years,4,Male:_single,NoNe,3,Unknown/None,32,NoNe,For_free,2,Skilled_employee,2,NoNe,Yes,1
No_checking_account,9,Existing_credits_paid,Domestic_appliances,1236,<_100_DM,<_1_year,1,Female:_divorced/separated/married,NoNe,4,Real_estate,23,NoNe,Rent,1,Skilled_employee,1,Yes,Yes,0
0-200_DM,9,Existing_credits_paid,Furniture/Equipment,959,<_100_DM,1-4_years,1,Female:_divorced/separated/married,NoNe,2,Car_or_other,29,NoNe,Own,1,Skilled_employee,1,NoNe,No,1
No_checking_account,18,Critical_account,Car_(used),3229,Unknown/None,Unemployed,2,Male:_single,NoNe,4,Unknown/None,38,NoNe,Own,1,Management/Self-employed,1,Yes,Yes,0
<_0_DM,12,No_credits_/__all_paid,Radio/Television,6199,<_100_DM,1-4_years,4,Male:_single,NoNe,2,Building_society_savings,28,NoNe,Rent,2,Skilled_employee,1,Yes,Yes,1
No_checking_account,10,Existing_credits_paid,Education,727,500-1000_DM,>=_7_years,4,Male:_single,NoNe,4,Unknown/None,46,NoNe,For_free,1,Skilled_employee,1,Yes,Yes,0
0-200_DM,24,Existing_credits_paid,Car_(new),1246,<_100_DM,<_1_year,4,Male:_single,NoNe,2,Real_estate,23,Stores,Own,1,Unskilled_-_resident,1,NoNe,Yes,1
No_checking_account,12,Critical_account,Radio/Television,2331,Unknown/None,>=_7_years,1,Male:_single,Co-applicant,4,Real_estate,49,NoNe,Own,1,Skilled_employee,1,Yes,Yes,0
No_checking_account,36,Delay_in_past,Radio/Television,4463,<_100_DM,1-4_years,4,Male:_single,NoNe,2,Car_or_other,26,NoNe,Own,2,Management/Self-employed,1,Yes,Yes,1
No_checking_account,12,Existing_credits_paid,Radio/Television,776,<_100_DM,1-4_years,4,Male:_married/widowed,NoNe,2,Real_estate,28,NoNe,Own,1,Skilled_employee,1,NoNe,Yes,0
<_0_DM,30,Existing_credits_paid,Furniture/Equipment,2406,<_100_DM,4-7_years,4,Female:_divorced/separated/married,NoNe,4,Real_estate,23,NoNe,Rent,1,Skilled_employee,1,NoNe,Yes,1
0-200_DM,18,Existing_credits_paid,Education,1239,Unknown/None,1-4_years,4,Male:_single,NoNe,4,Unknown/None,61,NoNe,For_free,1,Skilled_employee,1,NoNe,Yes,0
>=_200_DM,12,Existing_credits_paid,Radio/Television,3399,Unknown/None,>=_7_years,2,Male:_single,NoNe,3,Car_or_other,37,NoNe,Own,1,Management/Self-employed,1,NoNe,Yes,0
>=_200_DM,12,Delay_in_past,Car_(new),2247,<_100_DM,1-4_years,2,Female:_divorced/separated/married,NoNe,2,Car_or_other,36,Stores,Own,2,Skilled_employee,1,Yes,Yes,0
No_checking_account,6,Existing_credits_paid,Furniture/Equipment,1766,<_100_DM,1-4_years,1,Male:_married/widowed,NoNe,2,Building_society_savings,21,NoNe,Rent,1,Skilled_employee,1,NoNe,Yes,0
<_0_DM,18,Existing_credits_paid,Furniture/Equipment,2473,<_100_DM,Unemployed,4,Male:_single,NoNe,1,Car_or_other,25,NoNe,Own,1,Unemployed/Unskilled,1,NoNe,Yes,1
No_checking_account,12,Existing_credits_paid,Business,1542,<_100_DM,4-7_years,2,Male:_single,NoNe,4,Car_or_other,36,NoNe,Own,1,Skilled_employee,1,Yes,Yes,0
No_checking_account,18,Critical_account,Car_(used),3850,<_100_DM,4-7_years,3,Male:_single,NoNe,1,Car_or_other,27,NoNe,Own,2,Skilled_employee,1,NoNe,Yes,0
<_0_DM,18,Existing_credits_paid,Furniture/Equipment,3650,<_100_DM,<_1_year,1,Female:_divorced/separated/married,NoNe,4,Car_or_other,22,NoNe,Rent,1,Skilled_employee,1,NoNe,Yes,0
<_0_DM,36,Existing_credits_paid,Furniture/Equipment,3446,<_100_DM,>=_7_years,4,Male:_single,NoNe,2,Car_or_other,42,NoNe,Own,1,Skilled_employee,2,NoNe,Yes,1
0-200_DM,18,Existing_credits_paid,Furniture/Equipment,3001,<_100_DM,4-7_years,2,Female:_divorced/separated/married,NoNe,4,Real_estate,40,NoNe,Rent,1,Skilled_employee,1,NoNe,Yes,0
No_checking_account,36,Existing_credits_paid,Car_(new),3079,Unknown/None,1-4_years,4,Male:_single,NoNe,4,Real_estate,36,NoNe,Own,1,Skilled_employee,1,NoNe,Yes,0
No_checking_account,18,Critical_account,Radio/Television,6070,<_100_DM,>=_7_years,3,Male:_single,NoNe,4,Car_or_other,33,NoNe,Own,2,Skilled_employee,1,Yes,Yes,0
No_checking_account,10,Critical_account,Furniture/Equipment,2146,<_100_DM,<_1_year,1,Female:_divorced/separated/married,NoNe,3,Real_estate,23,NoNe,Rent,2,Skilled_employee,1,NoNe,Yes,0
No_checking_account,60,Critical_account,Car_(new),13756,Unknown/None,>=_7_years,2,Male:_single,NoNe,4,Unknown/None,63,Bank,For_free,1,Management/Self-employed,1,Yes,Yes,0
0-200_DM,60,All_credits_paid_at_bank,Others,14782,100-500_DM,>=_7_years,3,Female:_divorced/separated/married,NoNe,4,Unknown/None,60,Bank,For_free,2,Management/Self-employed,1,Yes,Yes,1
<_0_DM,48,All_credits_paid_at_bank,Business,7685,<_100_DM,4-7_years,2,Female:_divorced/separated/married,Guarantor,4,Car_or_other,37,NoNe,Rent,1,Skilled_employee,1,NoNe,Yes,1
No_checking_account,18,Delay_in_past,Radio/Television,2320,<_100_DM,Unemployed,2,Male:_married/widowed,NoNe,3,Real_estate,34,NoNe,Own,2,Skilled_employee,1,NoNe,Yes,0
No_checking_account,7,Delay_in_past,Radio/Television,846,Unknown/None,>=_7_years,3,Male:_single,NoNe,4,Unknown/None,36,NoNe,For_free,1,Skilled_employee,1,NoNe,Yes,0
0-200_DM,36,Existing_credits_paid,Car_(new),14318,<_100_DM,>=_7_years,4,Male:_single,NoNe,2,Unknown/None,57,NoNe,For_free,1,Management/Self-employed,1,Yes,Yes,1
No_checking_account,6,Critical_account,Car_(new),362,100-500_DM,1-4_years,4,Female:_divorced/separated/married,NoNe,4,Car_or_other,52,NoNe,Own,2,Unskilled_-_resident,1,NoNe,Yes,0
<_0_DM,20,Existing_credits_paid,Furniture/Equipment,2212,Unknown/None,4-7_years,4,Male:_single,NoNe,4,Car_or_other,39,NoNe,Own,1,Skilled_employee,1,Yes,Yes,0
0-200_DM,18,Existing_credits_paid,Car_(used),12976,<_100_DM,Unemployed,3,Female:_divorced/separated/married,NoNe,4,Unknown/None,38,NoNe,For_free,1,Management/Self-employed,1,Yes,Yes,1
No_checking_account,22,Existing_credits_paid,Car_(new),1283,Unknown/None,4-7_years,4,Female:_divorced/separated/married,NoNe,4,Building_society_savings,25,NoNe,Rent,1,Skilled_employee,1,NoNe,Yes,0
>=_200_DM,12,Existing_credits_paid,Car_(new),1330,<_100_DM,<_1_year,4,Male:_single,NoNe,1,Real_estate,26,NoNe,Own,1,Skilled_employee,1,NoNe,Yes,0
No_checking_account,30,Delay_in_past,Business,4272,100-500_DM,1-4_years,2,Male:_single,NoNe,2,Building_society_savings,26,NoNe,Own,2,Unskilled_-_resident,1,NoNe,Yes,0
No_checking_account,18,Critical_account,Radio/Television,2238,<_100_DM,1-4_years,2,Female:_divorced/separated/married,NoNe,1,Car_or_other,25,NoNe,Own,2,Skilled_employee,1,NoNe,Yes,0
No_checking_account,18,Existing_credits_paid,Radio/Television,1126,Unknown/None,<_1_year,4,Female:_divorced/separated/married,NoNe,2,Real_estate,21,NoNe,Rent,1,Skilled_employee,1,Yes,Yes,0
0-200_DM,18,Critical_account,Furniture/Equipment,7374,<_100_DM,Unemployed,4,Male:_single,NoNe,4,Building_society_savings,40,Stores,Own,2,Management/Self-employed,1,Yes,Yes,0
0-200_DM,15,Critical_account,Business,2326,500-1000_DM,1-4_years,2,Male:_single,NoNe,4,Car_or_other,27,Bank,Own,1,Skilled_employee,1,NoNe,Yes,0
No_checking_account,9,Existing_credits_paid,Business,1449,<_100_DM,4-7_years,3,Female:_divorced/separated/married,NoNe,2,Car_or_other,27,NoNe,Own,2,Skilled_employee,1,NoNe,Yes,0
No_checking_account,18,Existing_credits_paid,Car_(new),1820,<_100_DM,1-4_years,2,Male:_married/widowed,NoNe,2,Building_society_savings,30,NoNe,Own,1,Management/Self-employed,1,Yes,Yes,0
0-200_DM,12,Existing_credits_paid,Furniture/Equipment,983,>=_1000_DM,<_1_year,1,Female:_divorced/separated/married,NoNe,4,Real_estate,19,NoNe,Rent,1,Unskilled_-_resident,1,NoNe,Yes,0
<_0_DM,36,Existing_credits_paid,Car_(new),3249,<_100_DM,4-7_years,2,Male:_single,NoNe,4,Unknown/None,39,Bank,For_free,1,Management/Self-employed,2,Yes,Yes,0
<_0_DM,6,Critical_account,Radio/Television,1957,<_100_DM,4-7_years,1,Female:_divorced/separated/married,NoNe,4,Car_or_other,31,NoNe,Own,1,Skilled_employee,1,NoNe,Yes,0
No_checking_account,9,Critical_account,Furniture/Equipment,2406,<_100_DM,Unemployed,2,Male:_single,NoNe,3,Car_or_other,31,NoNe,Own,1,Management/Self-employed,1,NoNe,Yes,0
0-200_DM,39,Delay_in_past,Education,11760,100-500_DM,4-7_years,2,Male:_single,NoNe,3,Unknown/None,32,NoNe,Rent,1,Skilled_employee,1,Yes,Yes,0
<_0_DM,12,Existing_credits_paid,Furniture/Equipment,2578,<_100_DM,Unemployed,3,Female:_divorced/separated/married,NoNe,4,Unknown/None,55,NoNe,For_free,1,Management/Self-employed,1,NoNe,Yes,0
<_0_DM,36,Critical_account,Furniture/Equipment,2348,<_100_DM,1-4_years,3,Male:_married/widowed,NoNe,2,Building_society_savings,46,NoNe,Own,2,Skilled_employee,1,Yes,Yes,0
0-200_DM,12,Existing_credits_paid,Car_(new),1223,<_100_DM,>=_7_years,1,Male:_divorced/separated,NoNe,1,Real_estate,46,NoNe,Rent,2,Skilled_employee,1,NoNe,Yes,1
No_checking_account,24,Critical_account,Radio/Television,1516,>=_1000_DM,1-4_years,4,Female:_divorced/separated/married,NoNe,1,Real_estate,43,NoNe,Own,2,Unskilled_-_resident,1,NoNe,Yes,0
No_checking_account,18,Existing_credits_paid,Radio/Television,1473,<_100_DM,<_1_year,3,Male:_married/widowed,NoNe,4,Real_estate,39,NoNe,Own,1,Skilled_employee,1,Yes,Yes,0
0-200_DM,18,Critical_account,Business,1887,Unknown/None,1-4_years,4,Male:_married/widowed,NoNe,4,Real_estate,28,Bank,Own,2,Skilled_employee,1,NoNe,Yes,0
No_checking_account,24,Delay_in_past,Business,8648,<_100_DM,<_1_year,2,Male:_single,NoNe,2,Car_or_other,27,Bank,Own,2,Skilled_employee,1,Yes,Yes,1
No_checking_account,14,Delay_in_past,Car_(new),802,<_100_DM,1-4_years,4,Male:_single,NoNe,2,Car_or_other,27,NoNe,Own,2,Unskilled_-_resident,1,NoNe,Yes,0
0-200_DM,18,Delay_in_past,Car_(new),2899,Unknown/None,>=_7_years,4,Male:_single,NoNe,4,Car_or_other,43,NoNe,Own,1,Skilled_employee,2,NoNe,Yes,0
0-200_DM,24,Existing_credits_paid,Radio/Television,2039,<_100_DM,<_1_year,1,Male:_married/widowed,NoNe,1,Building_society_savings,22,NoNe,Own,1,Skilled_employee,1,Yes,Yes,1
No_checking_account,24,Critical_account,Car_(used),2197,Unknown/None,4-7_years,4,Male:_single,NoNe,4,Car_or_other,43,NoNe,Own,2,Skilled_employee,2,Yes,Yes,0
<_0_DM,15,Existing_credits_paid,Radio/Television,1053,<_100_DM,<_1_year,4,Male:_married/widowed,NoNe,2,Real_estate,27,NoNe,Own,1,Skilled_employee,1,NoNe,No,0
No_checking_account,24,Existing_credits_paid,Radio/Television,3235,500-1000_DM,>=_7_years,3,Male:_divorced/separated,NoNe,2,Car_or_other,26,NoNe,Own,1,Management/Self-employed,1,Yes,Yes,0
>=_200_DM,12,Critical_account,Car_(new),939,500-1000_DM,4-7_years,4,Male:_married/widowed,NoNe,2,Real_estate,28,NoNe,Own,3,Skilled_employee,1,Yes,Yes,1
0-200_DM,24,Existing_credits_paid,Radio/Television,1967,<_100_DM,>=_7_years,4,Female:_divorced/separated/married,NoNe,4,Car_or_other,20,NoNe,Own,1,Skilled_employee,1,Yes,Yes,0
No_checking_account,33,Critical_account,Car_(used),7253,<_100_DM,4-7_years,3,Male:_single,NoNe,2,Car_or_other,35,NoNe,Own,2,Management/Self-employed,1,Yes,Yes,0
No_checking_account,12,Critical_account,Business,2292,<_100_DM,Unemployed,4,Male:_single,NoNe,2,Car_or_other,42,Stores,Own,2,Management/Self-employed,1,Yes,Yes,1
No_checking_account,10,Existing_credits_paid,Car_(new),1597,500-1000_DM,1-4_years,3,Male:_single,NoNe,2,Unknown/None,40,NoNe,Rent,1,Unskilled_-_resident,2,NoNe,No,0
<_0_DM,24,Existing_credits_paid,Car_(new),1381,Unknown/None,1-4_years,4,Female:_divorced/separated/married,NoNe,2,Building_society_savings,35,NoNe,Own,1,Skilled_employee,1,NoNe,Yes,1
No_checking_account,36,Critical_account,Car_(used),5842,<_100_DM,>=_7_years,2,Male:_single,NoNe,2,Building_society_savings,35,NoNe,Own,2,Skilled_employee,2,Yes,Yes,0
<_0_DM,12,Existing_credits_paid,Car_(new),2579,<_100_DM,<_1_year,4,Male:_single,NoNe,1,Real_estate,33,NoNe,Own,1,Unskilled_-_resident,2,NoNe,Yes,1
<_0_DM,18,Delay_in_past,Education,8471,Unknown/None,1-4_years,1,Female:_divorced/separated/married,NoNe,2,Car_or_other,23,NoNe,Rent,2,Skilled_employee,1,Yes,Yes,0
No_checking_account,21,Existing_credits_paid,Car_(new),2782,500-1000_DM,4-7_years,1,Female:_divorced/separated/married,NoNe,2,Car_or_other,31,Bank,Own,1,Management/Self-employed,1,NoNe,Yes,0
0-200_DM,18,Existing_credits_paid,Car_(new),1042,Unknown/None,1-4_years,4,Female:_divorced/separated/married,NoNe,2,Building_society_savings,33,NoNe,Own,1,Skilled_employee,1,NoNe,Yes,1
No_checking_account,15,Existing_credits_paid,Car_(new),3186,>=_1000_DM,4-7_years,2,Female:_divorced/separated/married,NoNe,3,Car_or_other,20,NoNe,Rent,1,Skilled_employee,1,NoNe,Yes,0
0-200_DM,12,Existing_credits_paid,Car_(used),2028,Unknown/None,1-4_years,4,Male:_single,NoNe,2,Car_or_other,30,NoNe,Own,1,Skilled_employee,1,NoNe,Yes,0
0-200_DM,12,Critical_account,Car_(new),958,<_100_DM,4-7_years,2,Male:_single,NoNe,3,Real_estate,47,NoNe,Own,2,Unskilled_-_resident,2,NoNe,Yes,0
No_checking_account,21,Delay_in_past,Furniture/Equipment,1591,100-500_DM,4-7_years,4,Male:_single,NoNe,3,Real_estate,34,NoNe,Own,2,Management/Self-employed,1,NoNe,Yes,0
0-200_DM,12,Existing_credits_paid,Furniture/Equipment,2762,Unknown/None,>=_7_years,1,Female:_divorced/separated/married,NoNe,2,Building_society_savings,25,Bank,Own,1,Skilled_employee,1,Yes,Yes,1
0-200_DM,18,Existing_credits_paid,Car_(used),2779,<_100_DM,1-4_years,1,Male:_married/widowed,NoNe,3,Car_or_other,21,NoNe,Rent,1,Skilled_employee,1,Yes,Yes,0
No_checking_account,28,Critical_account,Radio/Television,2743,<_100_DM,>=_7_years,4,Male:_single,NoNe,2,Car_or_other,29,NoNe,Own,2,Skilled_employee,1,NoNe,Yes,0
No_checking_account,18,Critical_account,Radio/Television,1149,>=_1000_DM,1-4_years,4,Male:_single,NoNe,3,Real_estate,46,NoNe,Own,2,Skilled_employee,1,NoNe,Yes,0
No_checking_account,9,Existing_credits_paid,Furniture/Equipment,1313,<_100_DM,>=_7_years,1,Male:_single,NoNe,4,Car_or_other,20,NoNe,Own,1,Skilled_employee,1,NoNe,Yes,0
<_0_DM,18,Critical_account,Repairs,1190,<_100_DM,Unemployed,2,Female:_divorced/separated/married,NoNe,4,Unknown/None,55,NoNe,For_free,3,Unemployed/Unskilled,2,NoNe,Yes,1
No_checking_account,5,Existing_credits_paid,Business,3448,<_100_DM,4-7_years,1,Male:_single,NoNe,4,Real_estate,74,NoNe,Own,1,Unskilled_-_resident,1,NoNe,Yes,0
0-200_DM,24,Existing_credits_paid,Others,11328,<_100_DM,1-4_years,2,Male:_single,Co-applicant,3,Car_or_other,29,Bank,Own,2,Management/Self-employed,1,Yes,Yes,1
<_0_DM,6,Critical_account,Furniture/Equipment,1872,<_100_DM,Unemployed,4,Male:_single,NoNe,4,Unknown/None,36,NoNe,For_free,3,Management/Self-employed,1,Yes,Yes,0
No_checking_account,24,Critical_account,Repairs,2058,<_100_DM,1-4_years,4,Male:_divorced/separated,NoNe,2,Real_estate,33,NoNe,Own,2,Skilled_employee,1,Yes,Yes,0
<_0_DM,9,Existing_credits_paid,Furniture/Equipment,2136,<_100_DM,1-4_years,3,Male:_single,NoNe,2,Real_estate,25,NoNe,Own,1,Skilled_employee,1,NoNe,Yes,0
0-200_DM,12,Existing_credits_paid,Radio/Television,1484,Unknown/None,1-4_years,2,Male:_married/widowed,NoNe,1,Real_estate,25,NoNe,Own,1,Skilled_employee,1,Yes,Yes,1
No_checking_account,6,Existing_credits_paid,Repairs,660,500-1000_DM,4-7_years,2,Male:_married/widowed,NoNe,4,Real_estate,23,NoNe,Rent,1,Unskilled_-_resident,1,NoNe,Yes,0
No_checking_account,24,Critical_account,Car_(new),1287,>=_1000_DM,>=_7_years,4,Female:_divorced/separated/married,NoNe,4,Real_estate,37,NoNe,Own,2,Skilled_employee,1,Yes,Yes,0
<_0_DM,42,Critical_account,Repairs,3394,<_100_DM,Unemployed,4,Male:_single,Co-applicant,4,Car_or_other,65,NoNe,Own,2,Unemployed/Unskilled,1,NoNe,Yes,0
>=_200_DM,12,All_credits_paid_at_bank,Business,609,<_100_DM,<_1_year,4,Female:_divorced/separated/married,NoNe,1,Real_estate,26,NoNe,Own,1,Unemployed/Unskilled,1,NoNe,Yes,1
No_checking_account,12,Existing_credits_paid,Car_(new),1884,<_100_DM,>=_7_years,4,Male:_single,NoNe,4,Car_or_other,39,NoNe,Own,1,Management/Self-employed,1,Yes,Yes,0
<_0_DM,12,Existing_credits_paid,Furniture/Equipment,1620,<_100_DM,1-4_years,2,Female:_divorced/separated/married,Co-applicant,3,Building_society_savings,30,NoNe,Own,1,Skilled_employee,1,NoNe,Yes,0
0-200_DM,20,Delay_in_past,Others,2629,<_100_DM,1-4_years,2,Male:_single,NoNe,3,Car_or_other,29,Bank,Own,2,Skilled_employee,1,Yes,Yes,0
No_checking_account,12,Existing_credits_paid,Education,719,<_100_DM,>=_7_years,4,Male:_single,NoNe,4,Car_or_other,41,Bank,Own,1,Unskilled_-_resident,2,NoNe,Yes,1
0-200_DM,48,Critical_account,Furniture/Equipment,5096,<_100_DM,1-4_years,2,Female:_divorced/separated/married,NoNe,3,Car_or_other,30,NoNe,Own,1,Management/Self-employed,1,Yes,Yes,1
No_checking_account,9,Critical_account,Education,1244,Unknown/None,>=_7_years,4,Female:_divorced/separated/married,NoNe,4,Building_society_savings,41,NoNe,Rent,2,Unskilled_-_resident,1,NoNe,Yes,0
<_0_DM,36,Existing_credits_paid,Car_(new),1842,<_100_DM,<_1_year,4,Female:_divorced/separated/married,NoNe,4,Car_or_other,34,NoNe,Own,1,Skilled_employee,1,Yes,Yes,1
0-200_DM,7,Existing_credits_paid,Radio/Television,2576,<_100_DM,1-4_years,2,Male:_single,Guarantor,2,Real_estate,35,NoNe,Own,1,Skilled_employee,1,NoNe,Yes,0
>=_200_DM,12,Existing_credits_paid,Furniture/Equipment,1424,Unknown/None,>=_7_years,3,Female:_divorced/separated/married,NoNe,4,Real_estate,55,NoNe,Own,1,Management/Self-employed,1,Yes,Yes,0
0-200_DM,15,Delay_in_past,Repairs,1512,>=_1000_DM,1-4_years,3,Male:_married/widowed,NoNe,3,Building_society_savings,61,Stores,Own,2,Skilled_employee,1,NoNe,Yes,1
No_checking_account,36,Critical_account,Car_(used),11054,Unknown/None,1-4_years,4,Male:_single,NoNe,2,Car_or_other,30,NoNe,Own,1,Management/Self-employed,1,Yes,Yes,0
No_checking_account,6,Existing_credits_paid,Radio/Television,518,<_100_DM,1-4_years,3,Female:_divorced/separated/married,NoNe,1,Real_estate,29,NoNe,Own,1,Skilled_employee,1,NoNe,Yes,0
No_checking_account,12,No_credits_/__all_paid,Furniture/Equipment,2759,<_100_DM,>=_7_years,2,Male:_single,NoNe,4,Building_society_savings,34,NoNe,Own,2,Skilled_employee,1,NoNe,Yes,0
No_checking_account,24,Existing_credits_paid,Car_(used),2670,<_100_DM,>=_7_years,4,Male:_single,NoNe,4,Car_or_other,35,NoNe,Own,1,Management/Self-employed,1,Yes,Yes,0
<_0_DM,24,Existing_credits_paid,Car_(new),4817,<_100_DM,4-7_years,2,Male:_single,Co-applicant,3,Building_society_savings,31,NoNe,Own,1,Skilled_employee,1,Yes,Yes,1
No_checking_account,24,Existing_credits_paid,Car_(used),2679,<_100_DM,<_1_year,4,Female:_divorced/separated/married,NoNe,1,Unknown/None,29,NoNe,Own,1,Management/Self-employed,1,Yes,Yes,0
<_0_DM,11,Critical_account,Car_(new),3905,<_100_DM,1-4_years,2,Male:_single,NoNe,2,Real_estate,36,NoNe,Rent,2,Skilled_employee,2,NoNe,Yes,0
<_0_DM,12,Existing_credits_paid,Car_(used),3386,<_100_DM,>=_7_years,3,Male:_single,NoNe,4,Unknown/None,35,NoNe,For_free,1,Skilled_employee,1,Yes,Yes,1
<_0_DM,6,Existing_credits_paid,Domestic_appliances,343,<_100_DM,<_1_year,4,Female:_divorced/separated/married,NoNe,1,Real_estate,27,NoNe,Own,1,Skilled_employee,1,NoNe,Yes,0
No_checking_account,18,Existing_credits_paid,Radio/Television,4594,<_100_DM,<_1_year,3,Male:_single,NoNe,2,Car_or_other,32,NoNe,Own,1,Skilled_employee,1,Yes,Yes,0
<_0_DM,36,Existing_credits_paid,Furniture/Equipment,3620,<_100_DM,1-4_years,1,Male:_single,Guarantor,2,Building_society_savings,37,NoNe,Own,1,Skilled_employee,2,NoNe,Yes,0
<_0_DM,15,Existing_credits_paid,Car_(new),1721,<_100_DM,<_1_year,2,Male:_single,NoNe,3,Real_estate,36,NoNe,Own,1,Skilled_employee,1,NoNe,Yes,0
0-200_DM,12,Existing_credits_paid,Furniture/Equipment,3017,<_100_DM,<_1_year,3,Female:_divorced/separated/married,NoNe,1,Real_estate,34,NoNe,Rent,1,Management/Self-employed,1,NoNe,Yes,0
0-200_DM,12,Existing_credits_paid,Retraining,754,Unknown/None,>=_7_years,4,Male:_single,NoNe,4,Building_society_savings,38,NoNe,Own,2,Skilled_employee,1,NoNe,Yes,0
No_checking_account,18,Existing_credits_paid,Business,1950,<_100_DM,4-7_years,4,Male:_single,NoNe,1,Car_or_other,34,Stores,Own,2,Skilled_employee,1,Yes,Yes,0
<_0_DM,24,Existing_credits_paid,Car_(used),2924,<_100_DM,1-4_years,3,Male:_single,Guarantor,4,Unknown/None,63,Bank,Own,1,Skilled_employee,2,Yes,Yes,0
<_0_DM,24,Delay_in_past,Radio/Television,1659,<_100_DM,<_1_year,4,Female:_divorced/separated/married,NoNe,2,Car_or_other,29,NoNe,Rent,1,Unskilled_-_resident,1,Yes,Yes,1
No_checking_account,48,Delay_in_past,Radio/Television,7238,Unknown/None,>=_7_years,3,Male:_single,NoNe,3,Car_or_other,32,Bank,Own,2,Skilled_employee,2,NoNe,Yes,0
No_checking_account,33,Delay_in_past,Business,2764,<_100_DM,1-4_years,2,Female:_divorced/separated/married,NoNe,2,Car_or_other,26,NoNe,Own,2,Skilled_employee,1,Yes,Yes,0
No_checking_account,24,Delay_in_past,Car_(used),4679,<_100_DM,4-7_years,3,Male:_single,NoNe,3,Car_or_other,35,NoNe,Own,2,Unskilled_-_resident,1,Yes,Yes,0
0-200_DM,24,Existing_credits_paid,Radio/Television,3092,100-500_DM,<_1_year,3,Male:_married/widowed,NoNe,2,Car_or_other,22,NoNe,Rent,1,Skilled_employee,1,Yes,Yes,1
<_0_DM,6,Existing_credits_paid,Education,448,<_100_DM,<_1_year,4,Female:_divorced/separated/married,NoNe,4,Building_society_savings,23,NoNe,Own,1,Skilled_employee,1,NoNe,Yes,1
<_0_DM,9,Existing_credits_paid,Car_(new),654,<_100_DM,1-4_years,4,Male:_single,NoNe,3,Car_or_other,28,NoNe,Own,1,Unskilled_-_resident,1,NoNe,Yes,1
No_checking_account,6,Existing_credits_paid,Retraining,1238,Unknown/None,Unemployed,4,Male:_single,NoNe,4,Building_society_savings,36,NoNe,Own,1,Management/Self-employed,2,Yes,Yes,0
0-200_DM,18,Critical_account,Radio/Television,1245,<_100_DM,1-4_years,4,Male:_married/widowed,NoNe,2,Car_or_other,33,NoNe,Own,1,Skilled_employee,1,NoNe,Yes,1
<_0_DM,18,No_credits_/__all_paid,Furniture/Equipment,3114,<_100_DM,<_1_year,1,Female:_divorced/separated/married,NoNe,4,Building_society_savings,26,NoNe,Rent,1,Skilled_employee,1,NoNe,Yes,1
No_checking_account,39,Existing_credits_paid,Car_(used),2569,500-1000_DM,1-4_years,4,Male:_single,NoNe,4,Car_or_other,24,NoNe,Own,1,Skilled_employee,1,NoNe,Yes,0
>=_200_DM,24,Existing_credits_paid,Radio/Television,5152,<_100_DM,4-7_years,4,Male:_single,NoNe,2,Car_or_other,25,Bank,Own,1,Skilled_employee,1,NoNe,Yes,0
0-200_DM,12,Existing_credits_paid,Business,1037,100-500_DM,4-7_years,3,Male:_single,NoNe,4,Real_estate,39,NoNe,Own,1,Unskilled_-_resident,1,NoNe,Yes,0
<_0_DM,15,Critical_account,Furniture/Equipment,1478,<_100_DM,>=_7_years,4,Male:_single,NoNe,4,Car_or_other,44,NoNe,Own,2,Skilled_employee,2,Yes,Yes,0
0-200_DM,12,Critical_account,Radio/Television,3573,<_100_DM,1-4_years,1,Female:_divorced/separated/married,NoNe,1,Real_estate,23,NoNe,Own,1,Unskilled_-_resident,1,NoNe,Yes,0
0-200_DM,24,Existing_credits_paid,Car_(new),1201,<_100_DM,<_1_year,4,Male:_single,NoNe,1,Building_society_savings,26,NoNe,Own,1,Skilled_employee,1,NoNe,Yes,0
<_0_DM,30,Existing_credits_paid,Furniture/Equipment,3622,>=_1000_DM,>=_7_years,4,Female:_divorced/separated/married,NoNe,4,Building_society_savings,57,NoNe,Rent,2,Skilled_employee,1,Yes,Yes,0
No_checking_account,15,Delay_in_past,Furniture/Equipment,960,>=_1000_DM,4-7_years,3,Female:_divorced/separated/married,NoNe,2,Building_society_savings,30,NoNe,Own,2,Skilled_employee,1,NoNe,Yes,0
No_checking_account,12,Critical_account,Car_(new),1163,500-1000_DM,1-4_years,4,Male:_single,NoNe,4,Real_estate,44,NoNe,Own,1,Skilled_employee,1,Yes,Yes,0
0-200_DM,6,Delay_in_past,Car_(new),1209,<_100_DM,Unemployed,4,Male:_single,NoNe,4,Building_society_savings,47,NoNe,Own,1,Management/Self-employed,1,Yes,Yes,1
No_checking_account,12,Existing_credits_paid,Radio/Television,3077,<_100_DM,1-4_years,2,Male:_single,NoNe,4,Car_or_other,52,NoNe,Own,1,Skilled_employee,1,Yes,Yes,0
No_checking_account,24,Existing_credits_paid,Car_(new),3757,<_100_DM,>=_7_years,4,Female:_divorced/separated/married,Co-applicant,4,Unknown/None,62,NoNe,For_free,1,Skilled_employee,1,Yes,Yes,0
No_checking_account,10,Existing_credits_paid,Car_(new),1418,100-500_DM,1-4_years,3,Male:_single,NoNe,2,Real_estate,35,NoNe,Rent,1,Unskilled_-_resident,1,NoNe,No,0
No_checking_account,6,Existing_credits_paid,Car_(new),3518,<_100_DM,1-4_years,2,Male:_single,Guarantor,3,Building_society_savings,26,NoNe,Rent,1,Skilled_employee,1,NoNe,Yes,0
No_checking_account,12,Critical_account,Radio/Television,1934,<_100_DM,>=_7_years,2,Male:_single,NoNe,2,Unknown/None,26,NoNe,Own,2,Skilled_employee,1,NoNe,Yes,0
0-200_DM,27,No_credits_/__all_paid,Business,8318,<_100_DM,>=_7_years,2,Female:_divorced/separated/married,NoNe,4,Unknown/None,42,NoNe,For_free,2,Management/Self-employed,1,Yes,Yes,1
No_checking_account,6,Critical_account,Radio/Television,1237,100-500_DM,1-4_years,1,Female:_divorced/separated/married,NoNe,1,Building_society_savings,27,NoNe,Own,2,Skilled_employee,1,NoNe,Yes,0
0-200_DM,6,Existing_credits_paid,Radio/Television,368,Unknown/None,>=_7_years,4,Male:_single,NoNe,4,Building_society_savings,38,NoNe,Own,1,Skilled_employee,1,NoNe,Yes,0
<_0_DM,12,Critical_account,Car_(new),2122,<_100_DM,1-4_years,3,Male:_single,NoNe,2,Real_estate,39,NoNe,Rent,2,Unskilled_-_resident,2,NoNe,No,0
<_0_DM,24,Existing_credits_paid,Furniture/Equipment,2996,Unknown/None,1-4_years,2,Male:_married/widowed,NoNe,4,Car_or_other,20,NoNe,Own,1,Skilled_employee,1,NoNe,Yes,1
0-200_DM,36,Existing_credits_paid,Furniture/Equipment,9034,100-500_DM,<_1_year,4,Male:_single,Co-applicant,1,Unknown/None,29,NoNe,Rent,1,Management/Self-employed,1,Yes,Yes,1
No_checking_account,24,Critical_account,Furniture/Equipment,1585,<_100_DM,4-7_years,4,Male:_single,NoNe,3,Building_society_savings,40,NoNe,Own,2,Skilled_employee,1,NoNe,Yes,0
0-200_DM,18,Existing_credits_paid,Radio/Television,1301,<_100_DM,>=_7_years,4,Male:_married/widowed,Guarantor,2,Real_estate,32,NoNe,Own,1,Unskilled_-_resident,1,NoNe,Yes,0
>=_200_DM,6,Critical_account,Car_(new),1323,100-500_DM,>=_7_years,2,Male:_divorced/separated,NoNe,4,Car_or_other,28,NoNe,Own,2,Skilled_employee,2,Yes,Yes,0
<_0_DM,24,Existing_credits_paid,Car_(new),3123,<_100_DM,<_1_year,4,Female:_divorced/separated/married,NoNe,1,Building_society_savings,27,NoNe,Own,1,Skilled_employee,1,NoNe,Yes,1
<_0_DM,36,Existing_credits_paid,Car_(used),5493,<_100_DM,>=_7_years,2,Male:_single,NoNe,4,Unknown/None,42,NoNe,For_free,1,Skilled_employee,2,NoNe,Yes,0
>=_200_DM,9,Existing_credits_paid,Radio/Television,1126,100-500_DM,>=_7_years,2,Male:_divorced/separated,NoNe,4,Real_estate,49,NoNe,Own,1,Skilled_employee,1,NoNe,Yes,0
0-200_DM,24,Critical_account,Radio/Television,1216,100-500_DM,<_1_year,4,Male:_single,NoNe,4,Unknown/None,38,Bank,Own,2,Skilled_employee,2,NoNe,Yes,1
<_0_DM,24,Existing_credits_paid,Car_(new),1207,<_100_DM,<_1_year,4,Female:_divorced/separated/married,NoNe,4,Building_society_savings,24,NoNe,Rent,1,Skilled_employee,1,NoNe,Yes,1
No_checking_account,10,Existing_credits_paid,Car_(new),1309,Unknown/None,1-4_years,4,Male:_single,Guarantor,4,Building_society_savings,27,NoNe,Own,1,Unskilled_-_resident,1,NoNe,Yes,1
>=_200_DM,15,Critical_account,Car_(used),2360,500-1000_DM,1-4_years,2,Male:_single,NoNe,2,Car_or_other,36,NoNe,Own,1,Skilled_employee,1,Yes,Yes,0
0-200_DM,15,All_credits_paid_at_bank,Car_(new),6850,100-500_DM,Unemployed,1,Male:_single,NoNe,2,Building_society_savings,34,NoNe,Own,1,Management/Self-employed,2,Yes,Yes,1
No_checking_account,24,Existing_credits_paid,Radio/Television,1413,<_100_DM,1-4_years,4,Male:_married/widowed,NoNe,2,Building_society_savings,28,NoNe,Own,1,Skilled_employee,1,NoNe,Yes,0
No_checking_account,39,Existing_credits_paid,Car_(used),8588,100-500_DM,>=_7_years,4,Male:_single,NoNe,2,Car_or_other,45,NoNe,Own,1,Management/Self-employed,1,Yes,Yes,0
<_0_DM,12,Existing_credits_paid,Car_(new),759,<_100_DM,4-7_years,4,Male:_single,NoNe,2,Real_estate,26,NoNe,Own,1,Skilled_employee,1,NoNe,Yes,1
No_checking_account,36,Existing_credits_paid,Car_(used),4686,<_100_DM,1-4_years,2,Male:_single,NoNe,2,Unknown/None,32,NoNe,For_free,1,Management/Self-employed,1,Yes,Yes,0
>=_200_DM,15,Existing_credits_paid,Business,2687,<_100_DM,4-7_years,2,Male:_single,NoNe,4,Building_society_savings,26,NoNe,Rent,1,Skilled_employee,1,Yes,Yes,0
0-200_DM,12,Delay_in_past,Radio/Television,585,<_100_DM,1-4_years,4,Male:_married/widowed,Co-applicant,4,Real_estate,20,NoNe,Rent,2,Skilled_employee,1,NoNe,Yes,0
No_checking_account,24,Existing_credits_paid,Car_(new),2255,Unknown/None,<_1_year,4,Male:_single,NoNe,1,Building_society_savings,54,NoNe,Own,1,Skilled_employee,1,NoNe,Yes,0
<_0_DM,6,Critical_account,Car_(new),609,<_100_DM,4-7_years,4,Female:_divorced/separated/married,NoNe,3,Building_society_savings,37,NoNe,Own,2,Skilled_employee,1,NoNe,No,0
<_0_DM,6,Critical_account,Car_(new),1361,<_100_DM,<_1_year,2,Male:_single,NoNe,4,Real_estate,40,NoNe,Own,1,Unskilled_-_resident,2,NoNe,No,0
No_checking_account,36,Critical_account,Furniture/Equipment,7127,<_100_DM,<_1_year,2,Female:_divorced/separated/married,NoNe,4,Building_society_savings,23,NoNe,Rent,2,Skilled_employee,1,Yes,Yes,1
<_0_DM,6,Existing_credits_paid,Car_(new),1203,100-500_DM,>=_7_years,3,Male:_single,NoNe,2,Building_society_savings,43,NoNe,Own,1,Skilled_employee,1,Yes,Yes,0
No_checking_account,6,Critical_account,Radio/Television,700,Unknown/None,>=_7_years,4,Male:_single,NoNe,4,Unknown/None,36,NoNe,For_free,2,Skilled_employee,1,NoNe,Yes,0
No_checking_account,24,Critical_account,Repairs,5507,<_100_DM,>=_7_years,3,Male:_single,NoNe,4,Unknown/None,44,NoNe,For_free,2,Skilled_employee,1,NoNe,Yes,0
<_0_DM,18,Existing_credits_paid,Radio/Television,3190,<_100_DM,1-4_years,2,Female:_divorced/separated/married,NoNe,2,Real_estate,24,NoNe,Own,1,Skilled_employee,1,NoNe,Yes,1
<_0_DM,48,No_credits_/__all_paid,Furniture/Equipment,7119,<_100_DM,1-4_years,3,Male:_single,NoNe,4,Unknown/None,53,NoNe,For_free,2,Skilled_employee,2,NoNe,Yes,1
No_checking_account,24,Existing_credits_paid,Car_(used),3488,100-500_DM,4-7_years,3,Female:_divorced/separated/married,NoNe,4,Car_or_other,23,NoNe,Own,1,Skilled_employee,1,NoNe,Yes,0
0-200_DM,18,Existing_credits_paid,Radio/Television,1113,<_100_DM,1-4_years,4,Female:_divorced/separated/married,Guarantor,4,Real_estate,26,NoNe,Own,1,Unskilled_-_resident,2,NoNe,Yes,0
0-200_DM,26,Existing_credits_paid,Car_(used),7966,<_100_DM,<_1_year,2,Male:_single,NoNe,3,Car_or_other,30,NoNe,Own,2,Skilled_employee,1,NoNe,Yes,0
No_checking_account,15,Critical_account,Education,1532,100-500_DM,1-4_years,4,Female:_divorced/separated/married,NoNe,3,Car_or_other,31,NoNe,Own,1,Skilled_employee,1,NoNe,Yes,0
No_checking_account,4,Critical_account,Radio/Television,1503,<_100_DM,4-7_years,2,Male:_single,NoNe,1,Real_estate,42,NoNe,Own,2,Unskilled_-_resident,2,NoNe,Yes,0
<_0_DM,36,Existing_credits_paid,Radio/Television,2302,<_100_DM,1-4_years,4,Male:_divorced/separated,NoNe,4,Car_or_other,31,NoNe,Rent,1,Skilled_employee,1,NoNe,Yes,1
<_0_DM,6,Existing_credits_paid,Car_(new),662,<_100_DM,<_1_year,3,Male:_single,NoNe,4,Real_estate,41,NoNe,Own,1,Unskilled_-_resident,2,Yes,Yes,0
0-200_DM,36,Existing_credits_paid,Education,2273,<_100_DM,4-7_years,3,Male:_single,NoNe,1,Car_or_other,32,NoNe,Own,2,Skilled_employee,2,NoNe,Yes,0
0-200_DM,15,Existing_credits_paid,Car_(new),2631,100-500_DM,1-4_years,2,Female:_divorced/separated/married,NoNe,4,Car_or_other,28,NoNe,Rent,2,Skilled_employee,1,Yes,Yes,1
No_checking_account,12,Delay_in_past,Car_(used),1503,<_100_DM,1-4_years,4,Male:_married/widowed,NoNe,4,Real_estate,41,NoNe,Rent,1,Skilled_employee,1,NoNe,Yes,0
No_checking_account,24,Existing_credits_paid,Radio/Television,1311,100-500_DM,4-7_years,4,Male:_married/widowed,NoNe,3,Building_society_savings,26,NoNe,Own,1,Skilled_employee,1,Yes,Yes,0
No_checking_account,24,Existing_credits_paid,Radio/Television,3105,Unknown/None,<_1_year,4,Male:_single,NoNe,2,Car_or_other,25,NoNe,Own,2,Skilled_employee,1,NoNe,Yes,0
>=_200_DM,21,Critical_account,Education,2319,<_100_DM,<_1_year,2,Male:_divorced/separated,NoNe,1,Car_or_other,33,NoNe,Rent,1,Skilled_employee,1,NoNe,Yes,1
<_0_DM,6,Existing_credits_paid,Car_(new),1374,Unknown/None,Unemployed,4,Female:_divorced/separated/married,NoNe,3,Building_society_savings,75,NoNe,Own,1,Management/Self-employed,1,Yes,Yes,0
0-200_DM,18,Critical_account,Furniture/Equipment,3612,<_100_DM,>=_7_years,3,Female:_divorced/separated/married,NoNe,4,Building_society_savings,37,NoNe,Own,1,Skilled_employee,1,Yes,Yes,0
<_0_DM,48,Existing_credits_paid,Car_(new),7763,<_100_DM,>=_7_years,4,Male:_single,NoNe,4,Unknown/None,42,Bank,For_free,1,Management/Self-employed,1,NoNe,Yes,1
>=_200_DM,18,Existing_credits_paid,Furniture/Equipment,3049,<_100_DM,<_1_year,1,Female:_divorced/separated/married,NoNe,1,Building_society_savings,45,Stores,Own,1,Unskilled_-_resident,1,NoNe,Yes,0
0-200_DM,12,Existing_credits_paid,Radio/Television,1534,<_100_DM,<_1_year,1,Male:_married/widowed,NoNe,1,Real_estate,23,NoNe,Rent,1,Skilled_employee,1,NoNe,Yes,1
No_checking_account,24,Delay_in_past,Car_(new),2032,<_100_DM,>=_7_years,4,Male:_single,NoNe,4,Unknown/None,60,NoNe,For_free,2,Skilled_employee,1,Yes,Yes,0
<_0_DM,30,Existing_credits_paid,Furniture/Equipment,6350,Unknown/None,>=_7_years,4,Male:_single,NoNe,4,Building_society_savings,31,NoNe,Own,1,Skilled_employee,1,NoNe,Yes,1
>=_200_DM,18,Existing_credits_paid,Furniture/Equipment,2864,<_100_DM,1-4_years,2,Male:_single,NoNe,1,Real_estate,34,NoNe,Own,1,Unskilled_-_resident,2,NoNe,Yes,1
No_checking_account,12,Critical_account,Car_(new),1255,<_100_DM,>=_7_years,4,Male:_single,NoNe,4,Real_estate,61,NoNe,Own,2,Unskilled_-_resident,1,NoNe,Yes,0
<_0_DM,24,Delay_in_past,Car_(new),1333,<_100_DM,Unemployed,4,Male:_single,NoNe,2,Real_estate,43,NoNe,For_free,2,Skilled_employee,2,NoNe,Yes,1
No_checking_account,24,Critical_account,Car_(new),2022,<_100_DM,1-4_years,4,Female:_divorced/separated/married,NoNe,4,Car_or_other,37,NoNe,Own,1,Skilled_employee,1,Yes,Yes,0
No_checking_account,24,Existing_credits_paid,Radio/Television,1552,<_100_DM,4-7_years,3,Male:_single,NoNe,1,Car_or_other,32,Bank,Own,1,Skilled_employee,2,NoNe,Yes,0
<_0_DM,12,All_credits_paid_at_bank,Radio/Television,626,<_100_DM,1-4_years,4,Female:_divorced/separated/married,NoNe,4,Real_estate,24,Bank,Own,1,Unskilled_-_resident,1,NoNe,Yes,1
No_checking_account,48,Critical_account,Car_(used),8858,Unknown/None,4-7_years,2,Male:_single,NoNe,1,Unknown/None,35,NoNe,For_free,2,Skilled_employee,1,Yes,Yes,0
No_checking_account,12,Critical_account,Repairs,996,Unknown/None,4-7_years,4,Female:_divorced/separated/married,NoNe,4,Real_estate,23,NoNe,Own,2,Skilled_employee,1,NoNe,Yes,0
No_checking_account,6,All_credits_paid_at_bank,Radio/Television,1750,500-1000_DM,>=_7_years,2,Male:_single,NoNe,4,Building_society_savings,45,Bank,Own,1,Unskilled_-_resident,2,NoNe,Yes,0
<_0_DM,48,Existing_credits_paid,Radio/Television,6999,<_100_DM,4-7_years,1,Male:_married/widowed,Guarantor,1,Real_estate,34,NoNe,Own,2,Skilled_employee,1,Yes,Yes,1
0-200_DM,12,Critical_account,Car_(new),1995,100-500_DM,<_1_year,4,Male:_single,NoNe,1,Car_or_other,27,NoNe,Own,1,Skilled_employee,1,NoNe,Yes,0
0-200_DM,9,Existing_credits_paid,Education,1199,<_100_DM,4-7_years,4,Female:_divorced/separated/married,NoNe,4,Building_society_savings,67,NoNe,Own,2,Management/Self-employed,1,Yes,Yes,0
0-200_DM,12,Existing_credits_paid,Radio/Television,1331,<_100_DM,<_1_year,2,Male:_single,NoNe,1,Car_or_other,22,Stores,Own,1,Skilled_employee,1,NoNe,Yes,1
0-200_DM,18,No_credits_/__all_paid,Car_(new),2278,100-500_DM,<_1_year,3,Female:_divorced/separated/married,NoNe,3,Car_or_other,28,NoNe,Own,2,Skilled_employee,1,NoNe,Yes,1
No_checking_account,21,No_credits_/__all_paid,Car_(new),5003,Unknown/None,1-4_years,1,Female:_divorced/separated/married,NoNe,4,Building_society_savings,29,Bank,Own,2,Skilled_employee,1,Yes,Yes,1
<_0_DM,24,All_credits_paid_at_bank,Furniture/Equipment,3552,<_100_DM,4-7_years,3,Male:_single,NoNe,4,Car_or_other,27,Bank,Own,1,Skilled_employee,1,NoNe,Yes,1
0-200_DM,18,Critical_account,Furniture/Equipment,1928,<_100_DM,<_1_year,2,Male:_single,NoNe,2,Real_estate,31,NoNe,Own,2,Unskilled_-_resident,1,NoNe,Yes,1
<_0_DM,24,Existing_credits_paid,Car_(used),2964,Unknown/None,>=_7_years,4,Male:_single,NoNe,4,Unknown/None,49,Bank,For_free,1,Skilled_employee,2,Yes,Yes,0
<_0_DM,24,All_credits_paid_at_bank,Radio/Television,1546,<_100_DM,4-7_years,4,Male:_single,Guarantor,4,Car_or_other,24,Bank,Rent,1,Unskilled_-_resident,1,NoNe,Yes,1
>=_200_DM,6,Delay_in_past,Radio/Television,683,<_100_DM,<_1_year,2,Female:_divorced/separated/married,NoNe,1,Building_society_savings,29,Bank,Own,1,Skilled_employee,1,NoNe,Yes,0
0-200_DM,36,Existing_credits_paid,Car_(new),12389,Unknown/None,1-4_years,1,Male:_single,NoNe,4,Unknown/None,37,NoNe,For_free,1,Skilled_employee,1,Yes,Yes,1
0-200_DM,24,Delay_in_past,Business,4712,Unknown/None,1-4_years,4,Male:_single,NoNe,2,Building_society_savings,37,Bank,Own,2,Management/Self-employed,1,Yes,Yes,0
0-200_DM,24,Delay_in_past,Radio/Television,1553,100-500_DM,4-7_years,3,Female:_divorced/separated/married,NoNe,2,Building_society_savings,23,NoNe,Rent,2,Skilled_employee,1,Yes,Yes,0
<_0_DM,12,Existing_credits_paid,Car_(new),1372,<_100_DM,4-7_years,2,Male:_divorced/separated,NoNe,3,Car_or_other,36,NoNe,Own,1,Skilled_employee,1,NoNe,Yes,1
No_checking_account,24,Critical_account,Radio/Television,2578,>=_1000_DM,>=_7_years,2,Male:_single,NoNe,2,Car_or_other,34,NoNe,Own,1,Skilled_employee,1,NoNe,Yes,0
0-200_DM,48,Existing_credits_paid,Radio/Television,3979,Unknown/None,4-7_years,4,Male:_single,NoNe,1,Car_or_other,41,NoNe,Own,2,Skilled_employee,2,Yes,Yes,0
<_0_DM,48,Existing_credits_paid,Radio/Television,6758,<_100_DM,1-4_years,3,Female:_divorced/separated/married,NoNe,2,Car_or_other,31,NoNe,Own,1,Skilled_employee,1,Yes,Yes,1
<_0_DM,24,Existing_credits_paid,Furniture/Equipment,3234,<_100_DM,<_1_year,4,Female:_divorced/separated/married,NoNe,4,Real_estate,23,NoNe,Rent,1,Unskilled_-_resident,1,Yes,Yes,1
No_checking_account,30,Critical_account,Radio/Television,5954,<_100_DM,4-7_years,3,Male:_single,Co-applicant,2,Car_or_other,38,NoNe,Own,1,Skilled_employee,1,NoNe,Yes,0
No_checking_account,24,Existing_credits_paid,Car_(used),5433,Unknown/None,Unemployed,2,Female:_divorced/separated/married,NoNe,4,Building_society_savings,26,NoNe,Rent,1,Management/Self-employed,1,Yes,Yes,0
<_0_DM,15,Existing_credits_paid,Business,806,<_100_DM,1-4_years,4,Female:_divorced/separated/married,NoNe,4,Building_society_savings,22,NoNe,Own,1,Unskilled_-_resident,1,NoNe,Yes,0
0-200_DM,9,Existing_credits_paid,Radio/Television,1082,<_100_DM,>=_7_years,4,Male:_single,NoNe,4,Car_or_other,27,NoNe,Own,2,Unskilled_-_resident,1,NoNe,Yes,0
No_checking_account,15,Critical_account,Furniture/Equipment,2788,<_100_DM,4-7_years,2,Female:_divorced/separated/married,Co-applicant,3,Car_or_other,24,Bank,Own,2,Skilled_employee,1,NoNe,Yes,0
0-200_DM,12,Existing_credits_paid,Radio/Television,2930,<_100_DM,4-7_years,2,Female:_divorced/separated/married,NoNe,1,Real_estate,27,NoNe,Own,1,Skilled_employee,1,NoNe,Yes,0
No_checking_account,24,Critical_account,Education,1927,Unknown/None,1-4_years,3,Female:_divorced/separated/married,NoNe,2,Car_or_other,33,NoNe,Own,2,Skilled_employee,1,Yes,Yes,0
0-200_DM,36,Critical_account,Car_(new),2820,<_100_DM,<_1_year,4,Male:_divorced/separated,NoNe,4,Car_or_other,27,NoNe,Own,2,Skilled_employee,1,NoNe,Yes,1
No_checking_account,24,Existing_credits_paid,Retraining,937,<_100_DM,<_1_year,4,Male:_married/widowed,NoNe,3,Car_or_other,27,NoNe,Own,2,Unskilled_-_resident,1,NoNe,Yes,0
0-200_DM,18,Critical_account,Car_(new),1056,<_100_DM,>=_7_years,3,Male:_single,Guarantor,3,Real_estate,30,Bank,Own,2,Skilled_employee,1,NoNe,Yes,1
0-200_DM,12,Critical_account,Car_(new),3124,<_100_DM,<_1_year,1,Male:_single,NoNe,3,Real_estate,49,Bank,Own,2,Unskilled_-_resident,2,NoNe,Yes,0
No_checking_account,9,Existing_credits_paid,Furniture/Equipment,1388,<_100_DM,1-4_years,4,Female:_divorced/separated/married,NoNe,2,Real_estate,26,NoNe,Rent,1,Skilled_employee,1,NoNe,Yes,0
0-200_DM,36,Existing_credits_paid,Repairs,2384,<_100_DM,<_1_year,4,Male:_single,NoNe,1,Unknown/None,33,NoNe,Rent,1,Unskilled_-_resident,1,NoNe,Yes,1
No_checking_account,12,Existing_credits_paid,Car_(new),2133,Unknown/None,>=_7_years,4,Female:_divorced/separated/married,NoNe,4,Unknown/None,52,NoNe,For_free,1,Management/Self-employed,1,Yes,Yes,0
<_0_DM,18,Existing_credits_paid,Furniture/Equipment,2039,<_100_DM,1-4_years,1,Female:_divorced/separated/married,NoNe,4,Real_estate,20,Bank,Rent,1,Skilled_employee,1,NoNe,Yes,1
<_0_DM,9,Critical_account,Car_(new),2799,<_100_DM,1-4_years,2,Male:_single,NoNe,2,Real_estate,36,NoNe,Rent,2,Skilled_employee,2,NoNe,Yes,0
<_0_DM,12,Existing_credits_paid,Furniture/Equipment,1289,<_100_DM,1-4_years,4,Male:_single,Guarantor,1,Building_society_savings,21,NoNe,Own,1,Unskilled_-_resident,1,NoNe,Yes,0
<_0_DM,18,Existing_credits_paid,Domestic_appliances,1217,<_100_DM,1-4_years,4,Male:_married/widowed,NoNe,3,Real_estate,47,NoNe,Own,1,Unskilled_-_resident,1,Yes,Yes,1
<_0_DM,12,Critical_account,Furniture/Equipment,2246,<_100_DM,>=_7_years,3,Male:_single,NoNe,3,Building_society_savings,60,NoNe,Own,2,Skilled_employee,1,NoNe,Yes,1
<_0_DM,12,Critical_account,Radio/Television,385,<_100_DM,4-7_years,4,Female:_divorced/separated/married,NoNe,3,Real_estate,58,NoNe,Own,4,Unskilled_-_resident,1,Yes,Yes,0
0-200_DM,24,Delay_in_past,Car_(new),1965,Unknown/None,1-4_years,4,Female:_divorced/separated/married,NoNe,4,Car_or_other,42,NoNe,Rent,2,Skilled_employee,1,Yes,Yes,0
No_checking_account,21,Existing_credits_paid,Business,1572,>=_1000_DM,>=_7_years,4,Female:_divorced/separated/married,NoNe,4,Real_estate,36,Bank,Own,1,Unskilled_-_resident,1,NoNe,Yes,0
0-200_DM,24,Existing_credits_paid,Car_(new),2718,<_100_DM,1-4_years,3,Female:_divorced/separated/married,NoNe,4,Building_society_savings,20,NoNe,Rent,1,Unskilled_-_resident,1,Yes,Yes,1
<_0_DM,24,All_credits_paid_at_bank,Others,1358,Unknown/None,>=_7_years,4,Male:_single,NoNe,3,Car_or_other,40,Stores,Own,1,Management/Self-employed,1,Yes,Yes,1
0-200_DM,6,All_credits_paid_at_bank,Car_(new),931,100-500_DM,<_1_year,1,Female:_divorced/separated/married,NoNe,1,Building_society_savings,32,Stores,Own,1,Unskilled_-_resident,1,NoNe,Yes,1
<_0_DM,24,Existing_credits_paid,Car_(new),1442,<_100_DM,4-7_years,4,Female:_divorced/separated/married,NoNe,4,Car_or_other,23,NoNe,Rent,2,Skilled_employee,1,NoNe,Yes,1
0-200_DM,24,No_credits_/__all_paid,Business,4241,<_100_DM,1-4_years,1,Male:_single,NoNe,4,Real_estate,36,NoNe,Own,3,Unskilled_-_resident,1,Yes,Yes,1
No_checking_account,18,Critical_account,Car_(new),2775,<_100_DM,4-7_years,2,Male:_single,NoNe,2,Building_society_savings,31,Bank,Own,2,Skilled_employee,1,NoNe,Yes,1
No_checking_account,24,Delay_in_past,Business,3863,<_100_DM,1-4_years,1,Male:_single,NoNe,2,Unknown/None,32,NoNe,For_free,1,Skilled_employee,1,NoNe,Yes,0
0-200_DM,7,Existing_credits_paid,Radio/Television,2329,<_100_DM,<_1_year,1,Female:_divorced/separated/married,Guarantor,1,Real_estate,45,NoNe,Own,1,Skilled_employee,1,NoNe,Yes,0
0-200_DM,9,Existing_credits_paid,Furniture/Equipment,918,<_100_DM,1-4_years,4,Female:_divorced/separated/married,NoNe,1,Building_society_savings,30,NoNe,Own,1,Skilled_employee,1,NoNe,Yes,1
0-200_DM,24,All_credits_paid_at_bank,Education,1837,<_100_DM,4-7_years,4,Female:_divorced/separated/married,NoNe,4,Unknown/None,34,Bank,For_free,1,Unskilled_-_resident,1,NoNe,Yes,1
No_checking_account,36,Existing_credits_paid,Furniture/Equipment,3349,<_100_DM,1-4_years,4,Female:_divorced/separated/married,NoNe,2,Car_or_other,28,NoNe,Own,1,Management/Self-employed,1,Yes,Yes,1
>=_200_DM,10,Existing_credits_paid,Furniture/Equipment,1275,<_100_DM,<_1_year,4,Female:_divorced/separated/married,NoNe,2,Building_society_savings,23,NoNe,Own,1,Skilled_employee,1,NoNe,Yes,0
<_0_DM,24,All_credits_paid_at_bank,Furniture/Equipment,2828,500-1000_DM,1-4_years,4,Male:_single,NoNe,4,Real_estate,22,Stores,Own,1,Skilled_employee,1,Yes,Yes,0
No_checking_account,24,Critical_account,Business,4526,<_100_DM,1-4_years,3,Male:_single,NoNe,2,Real_estate,74,NoNe,Own,1,Management/Self-employed,1,Yes,Yes,0
0-200_DM,36,Existing_credits_paid,Radio/Television,2671,100-500_DM,1-4_years,4,Female:_divorced/separated/married,Co-applicant,4,Unknown/None,50,NoNe,For_free,1,Skilled_employee,1,NoNe,Yes,1
No_checking_account,18,Existing_credits_paid,Radio/Television,2051,<_100_DM,<_1_year,4,Male:_single,NoNe,1,Real_estate,33,NoNe,Own,1,Skilled_employee,1,NoNe,Yes,0
No_checking_account,15,Existing_credits_paid,Car_(used),1300,Unknown/None,>=_7_years,4,Male:_single,NoNe,4,Unknown/None,45,Bank,For_free,1,Skilled_employee,2,NoNe,Yes,0
<_0_DM,12,Existing_credits_paid,Domestic_appliances,741,100-500_DM,Unemployed,4,Female:_divorced/separated/married,NoNe,3,Building_society_savings,22,NoNe,Own,1,Skilled_employee,1,NoNe,Yes,1
>=_200_DM,10,Existing_credits_paid,Car_(new),1240,100-500_DM,>=_7_years,1,Female:_divorced/separated/married,NoNe,4,Unknown/None,48,NoNe,For_free,1,Unskilled_-_resident,2,NoNe,Yes,1
<_0_DM,21,Existing_credits_paid,Radio/Television,3357,>=_1000_DM,<_1_year,4,Female:_divorced/separated/married,NoNe,2,Car_or_other,29,Bank,Own,1,Skilled_employee,1,NoNe,Yes,0
<_0_DM,24,All_credits_paid_at_bank,Car_(used),3632,<_100_DM,1-4_years,1,Female:_divorced/separated/married,Guarantor,4,Car_or_other,22,Bank,Rent,1,Skilled_employee,1,NoNe,No,0
No_checking_account,18,Delay_in_past,Furniture/Equipment,1808,<_100_DM,4-7_years,4,Female:_divorced/separated/married,NoNe,1,Real_estate,22,NoNe,Own,1,Skilled_employee,1,NoNe,Yes,1
0-200_DM,48,No_credits_/__all_paid,Business,12204,Unknown/None,1-4_years,2,Male:_single,NoNe,2,Car_or_other,48,Bank,Own,1,Management/Self-employed,1,Yes,Yes,0
0-200_DM,60,Delay_in_past,Radio/Television,9157,Unknown/None,1-4_years,2,Male:_single,NoNe,2,Unknown/None,27,NoNe,For_free,1,Management/Self-employed,1,NoNe,Yes,0
<_0_DM,6,Critical_account,Car_(new),3676,<_100_DM,1-4_years,1,Male:_single,NoNe,3,Real_estate,37,NoNe,Rent,3,Skilled_employee,2,NoNe,Yes,0
0-200_DM,30,Existing_credits_paid,Furniture/Equipment,3441,100-500_DM,1-4_years,2,Female:_divorced/separated/married,Co-applicant,4,Car_or_other,21,NoNe,Rent,1,Skilled_employee,1,NoNe,Yes,1
No_checking_account,12,Existing_credits_paid,Car_(new),640,<_100_DM,1-4_years,4,Male:_divorced/separated,NoNe,2,Real_estate,49,NoNe,Own,1,Unskilled_-_resident,1,NoNe,Yes,0
0-200_DM,21,Critical_account,Business,3652,<_100_DM,4-7_years,2,Male:_single,NoNe,3,Building_society_savings,27,NoNe,Own,2,Skilled_employee,1,NoNe,Yes,0
No_checking_account,18,Critical_account,Car_(new),1530,<_100_DM,1-4_years,3,Male:_single,NoNe,2,Building_society_savings,32,Bank,Own,2,Skilled_employee,1,NoNe,Yes,1
No_checking_account,48,Existing_credits_paid,Business,3914,Unknown/None,1-4_years,4,Male:_divorced/separated,NoNe,2,Real_estate,38,Bank,Own,1,Skilled_employee,1,NoNe,Yes,1
<_0_DM,12,Existing_credits_paid,Furniture/Equipment,1858,<_100_DM,<_1_year,4,Female:_divorced/separated/married,NoNe,1,Car_or_other,22,NoNe,Rent,1,Skilled_employee,1,NoNe,Yes,0
<_0_DM,18,Existing_credits_paid,Radio/Television,2600,<_100_DM,1-4_years,4,Male:_single,NoNe,4,Unknown/None,65,NoNe,For_free,2,Skilled_employee,1,NoNe,Yes,1
No_checking_account,15,Existing_credits_paid,Radio/Television,1979,Unknown/None,>=_7_years,4,Male:_single,NoNe,2,Car_or_other,35,NoNe,Own,1,Skilled_employee,1,NoNe,Yes,0
>=_200_DM,6,Existing_credits_paid,Furniture/Equipment,2116,<_100_DM,1-4_years,2,Male:_single,NoNe,2,Real_estate,41,NoNe,Own,1,Skilled_employee,1,Yes,Yes,0
0-200_DM,9,All_credits_paid_at_bank,Car_(new),1437,100-500_DM,4-7_years,2,Male:_single,NoNe,3,Unknown/None,29,NoNe,Own,1,Skilled_employee,1,NoNe,Yes,1
No_checking_account,42,Critical_account,Furniture/Equipment,4042,500-1000_DM,1-4_years,4,Male:_single,NoNe,4,Real_estate,36,NoNe,Own,2,Skilled_employee,1,Yes,Yes,0
No_checking_account,9,Existing_credits_paid,Education,3832,Unknown/None,>=_7_years,1,Male:_single,NoNe,4,Real_estate,64,NoNe,Own,1,Unskilled_-_resident,1,NoNe,Yes,0
<_0_DM,24,Existing_credits_paid,Radio/Television,3660,<_100_DM,1-4_years,2,Female:_divorced/separated/married,NoNe,4,Car_or_other,28,NoNe,Own,1,Skilled_employee,1,NoNe,Yes,0
<_0_DM,18,All_credits_paid_at_bank,Furniture/Equipment,1553,<_100_DM,1-4_years,4,Male:_single,NoNe,3,Car_or_other,44,Bank,Own,1,Skilled_employee,1,NoNe,Yes,1
0-200_DM,15,Existing_credits_paid,Radio/Television,1444,Unknown/None,<_1_year,4,Male:_single,NoNe,1,Building_society_savings,23,NoNe,Own,1,Skilled_employee,1,NoNe,Yes,0
No_checking_account,9,Existing_credits_paid,Furniture/Equipment,1980,<_100_DM,<_1_year,2,Female:_divorced/separated/married,Co-applicant,2,Car_or_other,19,NoNe,Rent,2,Skilled_employee,1,NoNe,Yes,1
0-200_DM,24,Existing_credits_paid,Car_(new),1355,<_100_DM,<_1_year,3,Female:_divorced/separated/married,NoNe,4,Car_or_other,25,NoNe,Own,1,Unskilled_-_resident,1,Yes,Yes,1
No_checking_account,12,Existing_credits_paid,Education,1393,<_100_DM,>=_7_years,4,Male:_single,NoNe,4,Building_society_savings,47,Bank,Own,3,Skilled_employee,2,Yes,Yes,0
No_checking_account,24,Existing_credits_paid,Radio/Television,1376,500-1000_DM,4-7_years,4,Female:_divorced/separated/married,NoNe,1,Car_or_other,28,NoNe,Own,1,Skilled_employee,1,NoNe,Yes,0
No_checking_account,60,Delay_in_past,Radio/Television,15653,<_100_DM,4-7_years,2,Male:_single,NoNe,4,Car_or_other,21,NoNe,Own,2,Skilled_employee,1,Yes,Yes,0
No_checking_account,12,Existing_credits_paid,Radio/Television,1493,<_100_DM,<_1_year,4,Female:_divorced/separated/married,NoNe,3,Car_or_other,34,NoNe,Own,1,Skilled_employee,2,NoNe,Yes,0
<_0_DM,42,Delay_in_past,Radio/Television,4370,<_100_DM,4-7_years,3,Male:_single,NoNe,2,Building_society_savings,26,Bank,Own,2,Skilled_employee,2,Yes,Yes,1
<_0_DM,18,Existing_credits_paid,Education,750,<_100_DM,Unemployed,4,Female:_divorced/separated/married,NoNe,1,Real_estate,27,NoNe,Own,1,Unemployed/Unskilled,1,NoNe,Yes,1
0-200_DM,15,Existing_credits_paid,Repairs,1308,<_100_DM,>=_7_years,4,Male:_single,NoNe,4,Car_or_other,38,NoNe,Own,2,Unskilled_-_resident,1,NoNe,Yes,0
No_checking_account,15,Existing_credits_paid,Education,4623,100-500_DM,1-4_years,3,Male:_single,NoNe,2,Building_society_savings,40,NoNe,Own,1,Management/Self-employed,1,Yes,Yes,1
No_checking_account,24,Critical_account,Radio/Television,1851,<_100_DM,4-7_years,4,Male:_married/widowed,Guarantor,2,Car_or_other,33,NoNe,Own,2,Skilled_employee,1,Yes,Yes,0
<_0_DM,18,Critical_account,Radio/Television,1880,<_100_DM,4-7_years,4,Male:_married/widowed,NoNe,1,Building_society_savings,32,NoNe,Own,2,Management/Self-employed,1,Yes,Yes,0
No_checking_account,36,Delay_in_past,Business,7980,Unknown/None,<_1_year,4,Male:_single,NoNe,4,Car_or_other,27,NoNe,Rent,2,Skilled_employee,1,Yes,Yes,1
<_0_DM,30,No_credits_/__all_paid,Furniture/Equipment,4583,<_100_DM,1-4_years,2,Male:_divorced/separated,Guarantor,2,Real_estate,32,NoNe,Own,2,Skilled_employee,1,NoNe,Yes,0
No_checking_account,12,Existing_credits_paid,Car_(new),1386,500-1000_DM,1-4_years,2,Female:_divorced/separated/married,NoNe,2,Building_society_savings,26,NoNe,Own,1,Skilled_employee,1,NoNe,Yes,1
>=_200_DM,24,Existing_credits_paid,Car_(new),947,<_100_DM,4-7_years,4,Male:_single,NoNe,3,Unknown/None,38,Bank,For_free,1,Skilled_employee,2,NoNe,Yes,1
<_0_DM,12,Existing_credits_paid,Education,684,<_100_DM,1-4_years,4,Male:_single,NoNe,4,Car_or_other,40,NoNe,Rent,1,Unskilled_-_resident,2,NoNe,Yes,1
<_0_DM,48,Existing_credits_paid,Education,7476,<_100_DM,4-7_years,4,Male:_single,NoNe,1,Unknown/None,50,NoNe,For_free,1,Management/Self-employed,1,Yes,Yes,0
0-200_DM,12,Existing_credits_paid,Furniture/Equipment,1922,<_100_DM,1-4_years,4,Male:_single,NoNe,2,Building_society_savings,37,NoNe,Own,1,Unskilled_-_resident,1,NoNe,Yes,1
<_0_DM,24,Existing_credits_paid,Car_(new),2303,<_100_DM,>=_7_years,4,Male:_single,Co-applicant,1,Real_estate,45,NoNe,Own,1,Skilled_employee,1,NoNe,Yes,1
0-200_DM,36,Delay_in_past,Car_(new),8086,100-500_DM,>=_7_years,2,Male:_single,NoNe,4,Car_or_other,42,NoNe,Own,4,Management/Self-employed,1,Yes,Yes,1
No_checking_account,24,Critical_account,Car_(used),2346,<_100_DM,4-7_years,4,Male:_single,NoNe,3,Car_or_other,35,NoNe,Own,2,Skilled_employee,1,Yes,Yes,0
<_0_DM,14,Existing_credits_paid,Car_(new),3973,<_100_DM,Unemployed,1,Male:_single,NoNe,4,Unknown/None,22,NoNe,For_free,1,Skilled_employee,1,NoNe,Yes,0
0-200_DM,12,Existing_credits_paid,Car_(new),888,<_100_DM,>=_7_years,4,Male:_single,NoNe,4,Car_or_other,41,Bank,Own,1,Unskilled_-_resident,2,NoNe,Yes,1
No_checking_account,48,Existing_credits_paid,Radio/Television,10222,Unknown/None,4-7_years,4,Male:_single,NoNe,3,Car_or_other,37,Stores,Own,1,Skilled_employee,1,Yes,Yes,0
0-200_DM,30,No_credits_/__all_paid,Business,4221,<_100_DM,1-4_years,2,Female:_divorced/separated/married,NoNe,1,Car_or_other,28,NoNe,Own,2,Skilled_employee,1,NoNe,Yes,0
0-200_DM,18,Critical_account,Furniture/Equipment,6361,<_100_DM,>=_7_years,2,Male:_single,NoNe,1,Unknown/None,41,NoNe,Own,1,Skilled_employee,1,Yes,Yes,0
>=_200_DM,12,Existing_credits_paid,Radio/Television,1297,<_100_DM,1-4_years,3,Male:_married/widowed,NoNe,4,Real_estate,23,NoNe,Rent,1,Skilled_employee,1,NoNe,Yes,0
<_0_DM,12,Existing_credits_paid,Car_(new),900,Unknown/None,1-4_years,4,Male:_married/widowed,NoNe,2,Car_or_other,23,NoNe,Own,1,Skilled_employee,1,NoNe,Yes,1
No_checking_account,21,Existing_credits_paid,Furniture/Equipment,2241,<_100_DM,>=_7_years,4,Male:_single,NoNe,2,Real_estate,50,NoNe,Own,2,Skilled_employee,1,NoNe,Yes,0
0-200_DM,6,Delay_in_past,Furniture/Equipment,1050,<_100_DM,Unemployed,4,Male:_single,NoNe,1,Building_society_savings,35,Stores,Own,2,Management/Self-employed,1,Yes,Yes,0
>=_200_DM,6,Critical_account,Education,1047,<_100_DM,1-4_years,2,Female:_divorced/separated/married,NoNe,4,Building_society_savings,50,NoNe,Own,1,Unskilled_-_resident,1,NoNe,Yes,0
No_checking_account,24,Critical_account,Others,6314,<_100_DM,Unemployed,4,Male:_single,Co-applicant,2,Unknown/None,27,Bank,Own,2,Management/Self-employed,1,Yes,Yes,0
0-200_DM,30,All_credits_paid_at_bank,Furniture/Equipment,3496,>=_1000_DM,1-4_years,4,Male:_single,NoNe,2,Car_or_other,34,Stores,Own,1,Skilled_employee,2,Yes,Yes,0
No_checking_account,48,All_credits_paid_at_bank,Business,3609,<_100_DM,1-4_years,1,Female:_divorced/separated/married,NoNe,1,Real_estate,27,Stores,Own,1,Skilled_employee,1,NoNe,Yes,0
<_0_DM,12,Critical_account,Car_(new),4843,<_100_DM,>=_7_years,3,Male:_single,Co-applicant,4,Building_society_savings,43,NoNe,Rent,2,Skilled_employee,1,Yes,Yes,1
>=_200_DM,30,Critical_account,Radio/Television,3017,<_100_DM,>=_7_years,4,Male:_single,NoNe,4,Building_society_savings,47,NoNe,Own,1,Skilled_employee,1,NoNe,Yes,0
No_checking_account,24,Critical_account,Business,4139,100-500_DM,1-4_years,3,Male:_single,NoNe,3,Building_society_savings,27,NoNe,Own,2,Unskilled_-_resident,1,Yes,Yes,0
No_checking_account,36,Existing_credits_paid,Business,5742,100-500_DM,4-7_years,2,Male:_single,NoNe,2,Car_or_other,31,NoNe,Own,2,Skilled_employee,1,Yes,Yes,0
No_checking_account,60,Existing_credits_paid,Car_(new),10366,<_100_DM,>=_7_years,2,Male:_single,NoNe,4,Building_society_savings,42,NoNe,Own,1,Management/Self-employed,1,Yes,Yes,0
No_checking_account,6,Critical_account,Car_(new),2080,500-1000_DM,1-4_years,1,Male:_married/widowed,NoNe,2,Car_or_other,24,NoNe,Own,1,Skilled_employee,1,NoNe,Yes,0
No_checking_account,21,Delay_in_past,Business,2580,500-1000_DM,<_1_year,4,Male:_single,NoNe,2,Real_estate,41,Bank,Own,1,Unskilled_-_resident,2,NoNe,Yes,1
No_checking_account,30,Critical_account,Radio/Television,4530,<_100_DM,4-7_years,4,Female:_divorced/separated/married,NoNe,4,Car_or_other,26,NoNe,Rent,1,Management/Self-employed,1,Yes,Yes,0
No_checking_account,24,Critical_account,Furniture/Equipment,5150,<_100_DM,>=_7_years,4,Male:_single,NoNe,4,Car_or_other,33,NoNe,Own,1,Skilled_employee,1,Yes,Yes,0
0-200_DM,72,Existing_credits_paid,Radio/Television,5595,100-500_DM,1-4_years,2,Male:_married/widowed,NoNe,2,Car_or_other,24,NoNe,Own,1,Skilled_employee,1,NoNe,Yes,1
<_0_DM,24,Existing_credits_paid,Radio/Television,2384,<_100_DM,>=_7_years,4,Male:_single,NoNe,4,Real_estate,64,Bank,Rent,1,Unskilled_-_resident,1,NoNe,Yes,0
No_checking_account,18,Existing_credits_paid,Radio/Television,1453,<_100_DM,<_1_year,3,Female:_divorced/separated/married,NoNe,1,Real_estate,26,NoNe,Own,1,Skilled_employee,1,NoNe,Yes,0
No_checking_account,6,Existing_credits_paid,Education,1538,<_100_DM,<_1_year,1,Female:_divorced/separated/married,NoNe,2,Unknown/None,56,NoNe,Own,1,Skilled_employee,1,NoNe,Yes,0
No_checking_account,12,Existing_credits_paid,Radio/Television,2279,Unknown/None,1-4_years,4,Male:_single,NoNe,4,Unknown/None,37,NoNe,For_free,1,Skilled_employee,1,Yes,Yes,0
No_checking_account,15,Delay_in_past,Radio/Television,1478,<_100_DM,1-4_years,4,Male:_married/widowed,NoNe,3,Real_estate,33,Bank,Own,2,Skilled_employee,1,NoNe,Yes,0
No_checking_account,24,Critical_account,Radio/Television,5103,<_100_DM,<_1_year,3,Male:_married/widowed,NoNe,3,Unknown/None,47,NoNe,For_free,3,Skilled_employee,1,Yes,Yes,0
0-200_DM,36,Delay_in_past,Business,9857,100-500_DM,4-7_years,1,Male:_single,NoNe,3,Building_society_savings,31,NoNe,Own,2,Unskilled_-_resident,2,Yes,Yes,0
No_checking_account,60,Existing_credits_paid,Car_(new),6527,Unknown/None,1-4_years,4,Male:_single,NoNe,4,Unknown/None,34,NoNe,For_free,1,Skilled_employee,2,Yes,Yes,0
>=_200_DM,10,Critical_account,Radio/Television,1347,Unknown/None,4-7_years,4,Male:_single,NoNe,2,Building_society_savings,27,NoNe,Own,2,Skilled_employee,1,Yes,Yes,0
0-200_DM,36,Delay_in_past,Car_(new),2862,100-500_DM,>=_7_years,4,Male:_single,NoNe,3,Unknown/None,30,NoNe,For_free,1,Skilled_employee,1,NoNe,Yes,0
No_checking_account,9,Existing_credits_paid,Radio/Television,2753,100-500_DM,>=_7_years,3,Male:_single,Co-applicant,4,Car_or_other,35,NoNe,Own,1,Skilled_employee,1,Yes,Yes,0
<_0_DM,12,Existing_credits_paid,Car_(new),3651,>=_1000_DM,1-4_years,1,Male:_single,NoNe,3,Building_society_savings,31,NoNe,Own,1,Skilled_employee,2,NoNe,Yes,0
<_0_DM,15,Critical_account,Furniture/Equipment,975,<_100_DM,1-4_years,2,Male:_divorced/separated,NoNe,3,Building_society_savings,25,NoNe,Own,2,Skilled_employee,1,NoNe,Yes,0
0-200_DM,15,Existing_credits_paid,Repairs,2631,100-500_DM,1-4_years,3,Female:_divorced/separated/married,NoNe,2,Real_estate,25,NoNe,Own,1,Unskilled_-_resident,1,NoNe,Yes,0
0-200_DM,24,Existing_credits_paid,Radio/Television,2896,100-500_DM,<_1_year,2,Male:_single,NoNe,1,Car_or_other,29,NoNe,Own,1,Skilled_employee,1,NoNe,Yes,0
<_0_DM,6,Critical_account,Car_(new),4716,Unknown/None,<_1_year,1,Male:_single,NoNe,3,Real_estate,44,NoNe,Own,2,Unskilled_-_resident,2,NoNe,Yes,0
No_checking_account,24,Existing_credits_paid,Radio/Television,2284,<_100_DM,4-7_years,4,Male:_single,NoNe,2,Car_or_other,28,NoNe,Own,1,Skilled_employee,1,Yes,Yes,0
No_checking_account,6,Existing_credits_paid,Car_(used),1236,500-1000_DM,1-4_years,2,Male:_single,NoNe,4,Building_society_savings,50,NoNe,Rent,1,Skilled_employee,1,NoNe,Yes,0
0-200_DM,12,Existing_credits_paid,Radio/Television,1103,<_100_DM,4-7_years,4,Male:_single,Guarantor,3,Real_estate,29,NoNe,Own,2,Skilled_employee,1,NoNe,No,0
No_checking_account,12,Critical_account,Car_(new),926,<_100_DM,Unemployed,1,Female:_divorced/separated/married,NoNe,2,Building_society_savings,38,NoNe,Own,1,Unemployed/Unskilled,1,NoNe,Yes,0
No_checking_account,18,Critical_account,Radio/Television,1800,<_100_DM,1-4_years,4,Male:_single,NoNe,2,Car_or_other,24,NoNe,Own,2,Skilled_employee,1,NoNe,Yes,0
>=_200_DM,15,Existing_credits_paid,Education,1905,<_100_DM,>=_7_years,4,Male:_single,NoNe,4,Car_or_other,40,NoNe,Rent,1,Management/Self-employed,1,Yes,Yes,0
No_checking_account,12,Existing_credits_paid,Furniture/Equipment,1123,500-1000_DM,1-4_years,4,Female:_divorced/separated/married,NoNe,4,Car_or_other,29,NoNe,Rent,1,Unskilled_-_resident,1,NoNe,Yes,1
<_0_DM,48,Critical_account,Car_(used),6331,<_100_DM,>=_7_years,4,Male:_single,NoNe,4,Unknown/None,46,NoNe,For_free,2,Skilled_employee,1,Yes,Yes,1
>=_200_DM,24,Existing_credits_paid,Radio/Television,1377,100-500_DM,>=_7_years,4,Female:_divorced/separated/married,NoNe,2,Unknown/None,47,NoNe,For_free,1,Skilled_employee,1,Yes,Yes,0
0-200_DM,30,Delay_in_past,Business,2503,100-500_DM,>=_7_years,4,Male:_single,NoNe,2,Building_society_savings,41,Stores,Own,2,Skilled_employee,1,NoNe,Yes,0
0-200_DM,27,Existing_credits_paid,Business,2528,<_100_DM,<_1_year,4,Female:_divorced/separated/married,NoNe,1,Building_society_savings,32,NoNe,Own,1,Skilled_employee,2,Yes,Yes,0
No_checking_account,15,Existing_credits_paid,Car_(new),5324,500-1000_DM,>=_7_years,1,Female:_divorced/separated/married,NoNe,4,Unknown/None,35,NoNe,For_free,1,Skilled_employee,1,NoNe,Yes,0
0-200_DM,48,Existing_credits_paid,Car_(new),6560,100-500_DM,4-7_years,3,Male:_single,NoNe,2,Building_society_savings,24,NoNe,Own,1,Skilled_employee,1,NoNe,Yes,1
0-200_DM,12,No_credits_/__all_paid,Furniture/Equipment,2969,<_100_DM,<_1_year,4,Female:_divorced/separated/married,NoNe,3,Building_society_savings,25,NoNe,Rent,2,Skilled_employee,1,NoNe,Yes,1
0-200_DM,9,Existing_credits_paid,Radio/Television,1206,<_100_DM,>=_7_years,4,Female:_divorced/separated/married,NoNe,4,Real_estate,25,NoNe,Own,1,Skilled_employee,1,NoNe,Yes,0
0-200_DM,9,Existing_credits_paid,Radio/Television,2118,<_100_DM,1-4_years,2,Male:_single,NoNe,2,Real_estate,37,NoNe,Own,1,Unskilled_-_resident,2,NoNe,Yes,0
No_checking_account,18,Critical_account,Radio/Television,629,500-1000_DM,>=_7_years,4,Male:_single,NoNe,3,Building_society_savings,32,Bank,Own,2,Management/Self-employed,1,Yes,Yes,0
<_0_DM,6,All_credits_paid_at_bank,Education,1198,<_100_DM,>=_7_years,4,Female:_divorced/separated/married,NoNe,4,Unknown/None,35,NoNe,For_free,1,Skilled_employee,1,NoNe,Yes,1
No_checking_account,21,Existing_credits_paid,Car_(used),2476,Unknown/None,>=_7_years,4,Male:_single,NoNe,4,Real_estate,46,NoNe,Own,1,Management/Self-employed,1,Yes,Yes,0
<_0_DM,9,Critical_account,Radio/Television,1138,<_100_DM,1-4_years,4,Male:_single,NoNe,4,Real_estate,25,NoNe,Own,2,Unskilled_-_resident,1,NoNe,Yes,0
0-200_DM,60,Existing_credits_paid,Car_(new),14027,<_100_DM,4-7_years,4,Male:_single,NoNe,2,Unknown/None,27,NoNe,Own,1,Management/Self-employed,1,Yes,Yes,1
No_checking_account,30,Critical_account,Car_(used),7596,Unknown/None,>=_7_years,1,Male:_single,NoNe,4,Car_or_other,63,NoNe,Own,2,Skilled_employee,1,NoNe,Yes,0
No_checking_account,30,Critical_account,Radio/Television,3077,Unknown/None,>=_7_years,3,Male:_single,NoNe,2,Car_or_other,40,NoNe,Own,2,Skilled_employee,2,Yes,Yes,0
No_checking_account,18,Existing_credits_paid,Radio/Television,1505,<_100_DM,1-4_years,4,Male:_single,NoNe,2,Unknown/None,32,NoNe,For_free,1,Management/Self-employed,1,Yes,Yes,0
>=_200_DM,24,Critical_account,Radio/Television,3148,Unknown/None,1-4_years,3,Male:_single,NoNe,2,Car_or_other,31,NoNe,Own,2,Skilled_employee,1,Yes,Yes,0
0-200_DM,20,No_credits_/__all_paid,Car_(used),6148,100-500_DM,>=_7_years,3,Male:_married/widowed,NoNe,4,Car_or_other,31,Bank,Own,2,Skilled_employee,1,Yes,Yes,0
>=_200_DM,9,No_credits_/__all_paid,Radio/Television,1337,<_100_DM,<_1_year,4,Male:_single,NoNe,2,Car_or_other,34,NoNe,Own,2,Management/Self-employed,1,Yes,Yes,1
0-200_DM,6,All_credits_paid_at_bank,Education,433,>=_1000_DM,<_1_year,4,Female:_divorced/separated/married,NoNe,2,Building_society_savings,24,Bank,Rent,1,Skilled_employee,2,NoNe,Yes,1
<_0_DM,12,Existing_credits_paid,Car_(new),1228,<_100_DM,1-4_years,4,Female:_divorced/separated/married,NoNe,2,Real_estate,24,NoNe,Own,1,Unskilled_-_resident,1,NoNe,Yes,1
0-200_DM,9,Existing_credits_paid,Radio/Television,790,500-1000_DM,1-4_years,4,Female:_divorced/separated/married,NoNe,3,Real_estate,66,NoNe,Own,1,Unskilled_-_resident,1,NoNe,Yes,0
No_checking_account,27,Existing_credits_paid,Car_(new),2570,<_100_DM,1-4_years,3,Female:_divorced/separated/married,NoNe,3,Real_estate,21,NoNe,Rent,1,Skilled_employee,1,NoNe,Yes,1
No_checking_account,6,Critical_account,Car_(new),250,>=_1000_DM,1-4_years,2,Female:_divorced/separated/married,NoNe,2,Real_estate,41,Bank,Own,2,Unskilled_-_resident,1,NoNe,Yes,0
No_checking_account,15,Critical_account,Radio/Television,1316,500-1000_DM,1-4_years,2,Male:_married/widowed,NoNe,2,Building_society_savings,47,NoNe,Own,2,Unskilled_-_resident,1,NoNe,Yes,0
<_0_DM,18,Existing_credits_paid,Radio/Television,1882,<_100_DM,1-4_years,4,Female:_divorced/separated/married,NoNe,4,Car_or_other,25,Bank,Rent,2,Skilled_employee,1,NoNe,Yes,1
0-200_DM,48,All_credits_paid_at_bank,Business,6416,<_100_DM,>=_7_years,4,Female:_divorced/separated/married,NoNe,3,Unknown/None,59,NoNe,Rent,1,Skilled_employee,1,NoNe,Yes,1
>=_200_DM,24,Critical_account,Business,1275,>=_1000_DM,1-4_years,2,Male:_divorced/separated,NoNe,4,Real_estate,36,NoNe,Own,2,Skilled_employee,1,Yes,Yes,0
0-200_DM,24,Delay_in_past,Radio/Television,6403,<_100_DM,<_1_year,1,Male:_single,NoNe,2,Car_or_other,33,NoNe,Own,1,Skilled_employee,1,NoNe,Yes,0
<_0_DM,24,Existing_credits_paid,Radio/Television,1987,<_100_DM,1-4_years,2,Male:_single,NoNe,4,Real_estate,21,NoNe,Rent,1,Unskilled_-_resident,2,NoNe,Yes,1
0-200_DM,8,Existing_credits_paid,Radio/Television,760,<_100_DM,4-7_years,4,Female:_divorced/separated/married,Guarantor,2,Real_estate,44,NoNe,Own,1,Unskilled_-_resident,1,NoNe,Yes,0
No_checking_account,24,Existing_credits_paid,Car_(used),2603,>=_1000_DM,1-4_years,2,Female:_divorced/separated/married,NoNe,4,Car_or_other,28,NoNe,Rent,1,Skilled_employee,1,Yes,Yes,0
No_checking_account,4,Critical_account,Car_(new),3380,<_100_DM,4-7_years,1,Female:_divorced/separated/married,NoNe,1,Real_estate,37,NoNe,Own,1,Skilled_employee,2,NoNe,Yes,0
0-200_DM,36,All_credits_paid_at_bank,Domestic_appliances,3990,Unknown/None,<_1_year,3,Female:_divorced/separated/married,NoNe,2,Unknown/None,29,Bank,Own,1,Unemployed/Unskilled,1,NoNe,Yes,0
0-200_DM,24,Existing_credits_paid,Car_(used),11560,<_100_DM,1-4_years,1,Female:_divorced/separated/married,NoNe,4,Car_or_other,23,NoNe,Rent,2,Management/Self-employed,1,NoNe,Yes,1
<_0_DM,18,Existing_credits_paid,Car_(new),4380,100-500_DM,1-4_years,3,Male:_single,NoNe,4,Car_or_other,35,NoNe,Own,1,Unskilled_-_resident,2,Yes,Yes,0
No_checking_account,6,Critical_account,Car_(new),6761,<_100_DM,4-7_years,1,Male:_single,NoNe,3,Unknown/None,45,NoNe,Own,2,Management/Self-employed,2,Yes,Yes,0
0-200_DM,30,No_credits_/__all_paid,Business,4280,100-500_DM,1-4_years,4,Female:_divorced/separated/married,NoNe,4,Car_or_other,26,NoNe,Rent,2,Unskilled_-_resident,1,NoNe,Yes,1
<_0_DM,24,All_credits_paid_at_bank,Car_(new),2325,100-500_DM,4-7_years,2,Male:_single,NoNe,3,Car_or_other,32,Bank,Own,1,Skilled_employee,1,NoNe,Yes,0
0-200_DM,10,All_credits_paid_at_bank,Radio/Television,1048,<_100_DM,1-4_years,4,Male:_single,NoNe,4,Real_estate,23,Stores,Own,1,Unskilled_-_resident,1,NoNe,Yes,0
No_checking_account,21,Existing_credits_paid,Radio/Television,3160,Unknown/None,>=_7_years,4,Male:_single,NoNe,3,Building_society_savings,41,NoNe,Own,1,Skilled_employee,1,Yes,Yes,0
<_0_DM,24,All_credits_paid_at_bank,Furniture/Equipment,2483,500-1000_DM,1-4_years,4,Male:_single,NoNe,4,Real_estate,22,Stores,Own,1,Skilled_employee,1,Yes,Yes,0
<_0_DM,39,Critical_account,Furniture/Equipment,14179,Unknown/None,4-7_years,4,Male:_single,NoNe,4,Building_society_savings,30,NoNe,Own,2,Management/Self-employed,1,Yes,Yes,0
<_0_DM,13,Critical_account,Business,1797,<_100_DM,<_1_year,3,Male:_single,NoNe,1,Building_society_savings,28,Bank,Own,2,Unskilled_-_resident,1,NoNe,Yes,0
<_0_DM,15,Existing_credits_paid,Car_(new),2511,<_100_DM,Unemployed,1,Female:_divorced/separated/married,NoNe,4,Car_or_other,23,NoNe,Rent,1,Skilled_employee,1,NoNe,Yes,0
<_0_DM,12,Existing_credits_paid,Car_(new),1274,<_100_DM,<_1_year,3,Female:_divorced/separated/married,NoNe,1,Real_estate,37,NoNe,Own,1,Unskilled_-_resident,1,NoNe,Yes,1
No_checking_account,21,Existing_credits_paid,Car_(used),5248,Unknown/None,1-4_years,1,Male:_single,NoNe,3,Car_or_other,26,NoNe,Own,1,Skilled_employee,1,NoNe,Yes,0
No_checking_account,15,Existing_credits_paid,Car_(used),3029,<_100_DM,4-7_years,2,Male:_single,NoNe,2,Car_or_other,33,NoNe,Own,1,Skilled_employee,1,NoNe,Yes,0
<_0_DM,6,Existing_credits_paid,Furniture/Equipment,428,<_100_DM,>=_7_years,2,Female:_divorced/separated/married,NoNe,1,Building_society_savings,49,Bank,Own,1,Skilled_employee,1,Yes,Yes,0
<_0_DM,18,Existing_credits_paid,Car_(new),976,<_100_DM,<_1_year,1,Female:_divorced/separated/married,NoNe,2,Car_or_other,23,NoNe,Own,1,Unskilled_-_resident,1,NoNe,Yes,1
0-200_DM,12,Existing_credits_paid,Business,841,100-500_DM,4-7_years,2,Female:_divorced/separated/married,NoNe,4,Real_estate,23,NoNe,Rent,1,Unskilled_-_resident,1,NoNe,Yes,0
No_checking_account,30,Critical_account,Radio/Television,5771,<_100_DM,4-7_years,4,Female:_divorced/separated/married,NoNe,2,Car_or_other,25,NoNe,Own,2,Skilled_employee,1,NoNe,Yes,0
No_checking_account,12,Delay_in_past,Repairs,1555,>=_1000_DM,>=_7_years,4,Male:_single,NoNe,4,Unknown/None,55,NoNe,For_free,2,Skilled_employee,2,NoNe,Yes,1
<_0_DM,24,Existing_credits_paid,Car_(new),1285,Unknown/None,4-7_years,4,Female:_divorced/separated/married,NoNe,4,Unknown/None,32,NoNe,Rent,1,Skilled_employee,1,NoNe,Yes,1
>=_200_DM,6,Critical_account,Car_(new),1299,<_100_DM,1-4_years,1,Male:_single,NoNe,1,Real_estate,74,NoNe,Own,3,Unemployed/Unskilled,2,NoNe,No,0
>=_200_DM,15,Critical_account,Radio/Television,1271,Unknown/None,1-4_years,3,Male:_single,NoNe,4,Unknown/None,39,NoNe,For_free,2,Skilled_employee,1,Yes,Yes,1
No_checking_account,24,Existing_credits_paid,Car_(new),1393,<_100_DM,1-4_years,2,Male:_single,Guarantor,2,Real_estate,31,NoNe,Own,1,Skilled_employee,1,Yes,Yes,0
<_0_DM,12,Critical_account,Car_(new),691,<_100_DM,>=_7_years,4,Male:_single,NoNe,3,Building_society_savings,35,NoNe,Own,2,Skilled_employee,1,NoNe,Yes,1
No_checking_account,15,Critical_account,Car_(new),5045,Unknown/None,>=_7_years,1,Female:_divorced/separated/married,NoNe,4,Car_or_other,59,NoNe,Own,1,Skilled_employee,1,Yes,Yes,0
<_0_DM,18,Critical_account,Furniture/Equipment,2124,<_100_DM,1-4_years,4,Female:_divorced/separated/married,NoNe,4,Real_estate,24,NoNe,Rent,2,Skilled_employee,1,NoNe,Yes,1
<_0_DM,12,Existing_credits_paid,Radio/Television,2214,<_100_DM,1-4_years,4,Male:_single,NoNe,3,Building_society_savings,24,NoNe,Own,1,Unskilled_-_resident,1,NoNe,Yes,0
No_checking_account,21,Critical_account,Car_(new),12680,Unknown/None,>=_7_years,4,Male:_single,NoNe,4,Unknown/None,30,NoNe,For_free,1,Management/Self-employed,1,Yes,Yes,1
No_checking_account,24,Critical_account,Car_(new),2463,100-500_DM,4-7_years,4,Male:_married/widowed,NoNe,3,Building_society_savings,27,NoNe,Own,2,Skilled_employee,1,Yes,Yes,0
0-200_DM,12,Existing_credits_paid,Radio/Television,1155,<_100_DM,>=_7_years,3,Male:_married/widowed,Guarantor,3,Real_estate,40,Bank,Own,2,Unskilled_-_resident,1,NoNe,Yes,0
<_0_DM,30,Existing_credits_paid,Furniture/Equipment,3108,<_100_DM,<_1_year,2,Male:_divorced/separated,NoNe,4,Building_society_savings,31,NoNe,Own,1,Unskilled_-_resident,1,NoNe,Yes,1
No_checking_account,10,Existing_credits_paid,Car_(used),2901,Unknown/None,<_1_year,1,Female:_divorced/separated/married,NoNe,4,Real_estate,31,NoNe,Rent,1,Skilled_employee,1,NoNe,Yes,0
0-200_DM,12,Critical_account,Furniture/Equipment,3617,<_100_DM,>=_7_years,1,Male:_single,NoNe,4,Car_or_other,28,NoNe,Rent,3,Skilled_employee,1,Yes,Yes,0
No_checking_account,12,Critical_account,Radio/Television,1655,<_100_DM,>=_7_years,2,Male:_single,NoNe,4,Real_estate,63,NoNe,Own,2,Unskilled_-_resident,1,Yes,Yes,0
<_0_DM,24,Existing_credits_paid,Car_(used),2812,Unknown/None,>=_7_years,2,Female:_divorced/separated/married,NoNe,4,Real_estate,26,NoNe,Rent,1,Skilled_employee,1,NoNe,Yes,0
<_0_DM,36,Critical_account,Education,8065,<_100_DM,1-4_years,3,Female:_divorced/separated/married,NoNe,2,Unknown/None,25,NoNe,Own,2,Management/Self-employed,1,Yes,Yes,1
No_checking_account,21,Critical_account,Car_(used),3275,<_100_DM,>=_7_years,1,Male:_single,NoNe,4,Car_or_other,36,NoNe,Own,1,Management/Self-employed,1,Yes,Yes,0
No_checking_account,24,Critical_account,Radio/Television,2223,100-500_DM,>=_7_years,4,Male:_single,NoNe,4,Building_society_savings,52,Bank,Own,2,Skilled_employee,1,NoNe,Yes,0
>=_200_DM,12,Critical_account,Car_(new),1480,500-1000_DM,Unemployed,2,Male:_single,NoNe,4,Unknown/None,66,Bank,For_free,3,Unemployed/Unskilled,1,NoNe,Yes,0
<_0_DM,24,Existing_credits_paid,Car_(new),1371,Unknown/None,1-4_years,4,Female:_divorced/separated/married,NoNe,4,Real_estate,25,NoNe,Rent,1,Skilled_employee,1,NoNe,Yes,1
No_checking_account,36,Critical_account,Car_(new),3535,<_100_DM,4-7_years,4,Male:_single,NoNe,4,Car_or_other,37,NoNe,Own,2,Skilled_employee,1,Yes,Yes,0
<_0_DM,18,Existing_credits_paid,Radio/Television,3509,<_100_DM,4-7_years,4,Female:_divorced/separated/married,Guarantor,1,Real_estate,25,NoNe,Own,1,Skilled_employee,1,NoNe,Yes,0
No_checking_account,36,Critical_account,Car_(used),5711,>=_1000_DM,>=_7_years,4,Male:_single,NoNe,2,Car_or_other,38,NoNe,Own,2,Management/Self-employed,1,Yes,Yes,0
0-200_DM,18,Existing_credits_paid,Repairs,3872,<_100_DM,Unemployed,2,Female:_divorced/separated/married,NoNe,4,Car_or_other,67,NoNe,Own,1,Skilled_employee,1,Yes,Yes,0
0-200_DM,39,Critical_account,Radio/Television,4933,<_100_DM,4-7_years,2,Male:_single,Guarantor,2,Real_estate,25,NoNe,Own,2,Skilled_employee,1,NoNe,Yes,1
No_checking_account,24,Critical_account,Car_(new),1940,>=_1000_DM,>=_7_years,4,Male:_single,NoNe,4,Real_estate,60,NoNe,Own,1,Skilled_employee,1,Yes,Yes,0
0-200_DM,12,No_credits_/__all_paid,Retraining,1410,<_100_DM,1-4_years,2,Male:_single,NoNe,2,Real_estate,31,NoNe,Own,1,Unskilled_-_resident,1,Yes,Yes,0
0-200_DM,12,Existing_credits_paid,Car_(new),836,100-500_DM,<_1_year,4,Female:_divorced/separated/married,NoNe,2,Building_society_savings,23,Bank,Own,1,Unskilled_-_resident,1,NoNe,Yes,1
0-200_DM,20,Existing_credits_paid,Car_(used),6468,Unknown/None,Unemployed,1,Male:_divorced/separated,NoNe,4,Real_estate,60,NoNe,Own,1,Management/Self-employed,1,Yes,Yes,0
0-200_DM,18,Existing_credits_paid,Business,1941,>=_1000_DM,1-4_years,4,Male:_single,NoNe,2,Building_society_savings,35,NoNe,Own,1,Unskilled_-_resident,1,Yes,Yes,0
No_checking_account,22,Existing_credits_paid,Radio/Television,2675,500-1000_DM,>=_7_years,3,Male:_single,NoNe,4,Car_or_other,40,NoNe,Own,1,Skilled_employee,1,NoNe,Yes,0
No_checking_account,48,Critical_account,Car_(used),2751,Unknown/None,>=_7_years,4,Male:_single,NoNe,3,Car_or_other,38,NoNe,Own,2,Skilled_employee,2,Yes,Yes,0
0-200_DM,48,Delay_in_past,Education,6224,<_100_DM,>=_7_years,4,Male:_single,NoNe,4,Unknown/None,50,NoNe,For_free,1,Skilled_employee,1,NoNe,Yes,1
<_0_DM,40,Critical_account,Education,5998,<_100_DM,1-4_years,4,Male:_single,NoNe,3,Unknown/None,27,Bank,Own,1,Skilled_employee,1,Yes,Yes,1
0-200_DM,21,Existing_credits_paid,Business,1188,<_100_DM,>=_7_years,2,Female:_divorced/separated/married,NoNe,4,Building_society_savings,39,NoNe,Own,1,Skilled_employee,2,NoNe,Yes,1
No_checking_account,24,Existing_credits_paid,Car_(used),6313,Unknown/None,>=_7_years,3,Male:_single,NoNe,4,Car_or_other,41,NoNe,Own,1,Management/Self-employed,2,Yes,Yes,0
No_checking_account,6,Critical_account,Furniture/Equipment,1221,Unknown/None,1-4_years,1,Male:_married/widowed,NoNe,2,Building_society_savings,27,NoNe,Own,2,Skilled_employee,1,NoNe,Yes,0
>=_200_DM,24,Existing_credits_paid,Furniture/Equipment,2892,<_100_DM,>=_7_years,3,Male:_divorced/separated,NoNe,4,Unknown/None,51,NoNe,For_free,1,Skilled_employee,1,NoNe,Yes,0
No_checking_account,24,Existing_credits_paid,Furniture/Equipment,3062,500-1000_DM,>=_7_years,4,Male:_single,NoNe,3,Unknown/None,32,NoNe,Rent,1,Skilled_employee,1,Yes,Yes,0
No_checking_account,9,Existing_credits_paid,Furniture/Equipment,2301,100-500_DM,<_1_year,2,Female:_divorced/separated/married,NoNe,4,Building_society_savings,22,NoNe,Rent,1,Skilled_employee,1,NoNe,Yes,0
<_0_DM,18,Existing_credits_paid,Car_(used),7511,Unknown/None,>=_7_years,1,Male:_single,NoNe,4,Building_society_savings,51,NoNe,For_free,1,Skilled_employee,2,Yes,Yes,1
No_checking_account,12,Critical_account,Furniture/Equipment,1258,<_100_DM,<_1_year,2,Female:_divorced/separated/married,NoNe,4,Building_society_savings,22,NoNe,Rent,2,Unskilled_-_resident,1,NoNe,Yes,0
No_checking_account,24,Delay_in_past,Car_(new),717,Unknown/None,>=_7_years,4,Male:_married/widowed,NoNe,4,Car_or_other,54,NoNe,Own,2,Skilled_employee,1,Yes,Yes,0
0-200_DM,9,Existing_credits_paid,Car_(new),1549,Unknown/None,<_1_year,4,Male:_single,NoNe,2,Real_estate,35,NoNe,Own,1,Unemployed/Unskilled,1,NoNe,Yes,0
No_checking_account,24,Critical_account,Education,1597,<_100_DM,>=_7_years,4,Male:_single,NoNe,4,Unknown/None,54,NoNe,For_free,2,Skilled_employee,2,NoNe,Yes,0
0-200_DM,18,Critical_account,Radio/Television,1795,<_100_DM,>=_7_years,3,Female:_divorced/separated/married,Guarantor,4,Real_estate,48,Bank,Rent,2,Unskilled_-_resident,1,Yes,Yes,0
<_0_DM,20,Critical_account,Furniture/Equipment,4272,<_100_DM,>=_7_years,1,Female:_divorced/separated/married,NoNe,4,Building_society_savings,24,NoNe,Own,2,Skilled_employee,1,NoNe,Yes,0
No_checking_account,12,Critical_account,Radio/Television,976,Unknown/None,>=_7_years,4,Male:_single,NoNe,4,Car_or_other,35,NoNe,Own,2,Skilled_employee,1,NoNe,Yes,0
0-200_DM,12,Existing_credits_paid,Car_(new),7472,Unknown/None,Unemployed,1,Female:_divorced/separated/married,NoNe,2,Real_estate,24,NoNe,Rent,1,Unemployed/Unskilled,1,NoNe,Yes,0
<_0_DM,36,Existing_credits_paid,Car_(new),9271,<_100_DM,4-7_years,2,Male:_single,NoNe,1,Car_or_other,24,NoNe,Own,1,Skilled_employee,1,Yes,Yes,1
0-200_DM,6,Existing_credits_paid,Radio/Television,590,<_100_DM,<_1_year,3,Male:_married/widowed,NoNe,3,Real_estate,26,NoNe,Own,1,Unskilled_-_resident,1,NoNe,No,0
No_checking_account,12,Critical_account,Radio/Television,930,Unknown/None,>=_7_years,4,Male:_single,NoNe,4,Real_estate,65,NoNe,Own,4,Skilled_employee,1,NoNe,Yes,0
0-200_DM,42,All_credits_paid_at_bank,Car_(used),9283,<_100_DM,Unemployed,1,Male:_single,NoNe,2,Unknown/None,55,Bank,For_free,1,Management/Self-employed,1,Yes,Yes,0
0-200_DM,15,No_credits_/__all_paid,Car_(new),1778,<_100_DM,<_1_year,2,Female:_divorced/separated/married,NoNe,1,Real_estate,26,NoNe,Rent,2,Unemployed/Unskilled,1,NoNe,Yes,1
0-200_DM,8,Existing_credits_paid,Business,907,<_100_DM,<_1_year,3,Male:_married/widowed,NoNe,2,Real_estate,26,NoNe,Own,1,Skilled_employee,1,Yes,Yes,0
0-200_DM,6,Existing_credits_paid,Radio/Television,484,<_100_DM,4-7_years,3,Male:_married/widowed,Guarantor,3,Real_estate,28,Bank,Own,1,Unskilled_-_resident,1,NoNe,Yes,0
<_0_DM,36,Critical_account,Car_(used),9629,<_100_DM,4-7_years,4,Male:_single,NoNe,4,Car_or_other,24,NoNe,Own,2,Skilled_employee,1,Yes,Yes,1
<_0_DM,48,Existing_credits_paid,Domestic_appliances,3051,<_100_DM,1-4_years,3,Male:_single,NoNe,4,Car_or_other,54,NoNe,Own,1,Skilled_employee,1,NoNe,Yes,1
<_0_DM,48,Existing_credits_paid,Car_(new),3931,<_100_DM,4-7_years,4,Male:_single,NoNe,4,Unknown/None,46,NoNe,For_free,1,Skilled_employee,2,NoNe,Yes,1
0-200_DM,36,Delay_in_past,Car_(new),7432,<_100_DM,1-4_years,2,Female:_divorced/separated/married,NoNe,2,Building_society_savings,54,NoNe,Rent,1,Skilled_employee,1,NoNe,Yes,0
No_checking_account,6,Existing_credits_paid,Domestic_appliances,1338,500-1000_DM,1-4_years,1,Male:_divorced/separated,NoNe,4,Real_estate,62,NoNe,Own,1,Skilled_employee,1,NoNe,Yes,0
No_checking_account,6,Critical_account,Radio/Television,1554,<_100_DM,4-7_years,1,Female:_divorced/separated/married,NoNe,2,Car_or_other,24,NoNe,Rent,2,Skilled_employee,1,Yes,Yes,0
<_0_DM,36,Existing_credits_paid,Others,15857,<_100_DM,Unemployed,2,Male:_divorced/separated,Co-applicant,3,Car_or_other,43,NoNe,Own,1,Management/Self-employed,1,NoNe,Yes,0
<_0_DM,18,Existing_credits_paid,Radio/Television,1345,<_100_DM,1-4_years,4,Male:_married/widowed,NoNe,3,Real_estate,26,Bank,Own,1,Skilled_employee,1,NoNe,Yes,1
No_checking_account,12,Existing_credits_paid,Car_(new),1101,<_100_DM,1-4_years,3,Male:_married/widowed,NoNe,2,Real_estate,27,NoNe,Own,2,Skilled_employee,1,Yes,Yes,0
>=_200_DM,12,Existing_credits_paid,Radio/Television,3016,<_100_DM,1-4_years,3,Male:_married/widowed,NoNe,1,Car_or_other,24,NoNe,Own,1,Skilled_employee,1,NoNe,Yes,0
<_0_DM,36,Existing_credits_paid,Furniture/Equipment,2712,<_100_DM,>=_7_years,2,Male:_single,NoNe,2,Building_society_savings,41,Bank,Own,1,Skilled_employee,2,NoNe,Yes,1
<_0_DM,8,Critical_account,Car_(new),731,<_100_DM,>=_7_years,4,Male:_single,NoNe,4,Real_estate,47,NoNe,Own,2,Unskilled_-_resident,1,NoNe,Yes,0
No_checking_account,18,Critical_account,Furniture/Equipment,3780,<_100_DM,<_1_year,3,Male:_divorced/separated,NoNe,2,Car_or_other,35,NoNe,Own,2,Management/Self-employed,1,Yes,Yes,0
<_0_DM,21,Critical_account,Car_(new),1602,<_100_DM,>=_7_years,4,Male:_married/widowed,NoNe,3,Car_or_other,30,NoNe,Own,2,Skilled_employee,1,Yes,Yes,0
<_0_DM,18,Critical_account,Car_(new),3966,<_100_DM,>=_7_years,1,Female:_divorced/separated/married,NoNe,4,Real_estate,33,Bank,Rent,3,Skilled_employee,1,Yes,Yes,1
No_checking_account,18,No_credits_/__all_paid,Business,4165,<_100_DM,1-4_years,2,Male:_single,NoNe,2,Car_or_other,36,Stores,Own,2,Skilled_employee,2,NoNe,Yes,1
<_0_DM,36,Existing_credits_paid,Car_(used),8335,Unknown/None,>=_7_years,3,Male:_single,NoNe,4,Unknown/None,47,NoNe,For_free,1,Skilled_employee,1,NoNe,Yes,1
0-200_DM,48,Delay_in_past,Business,6681,Unknown/None,1-4_years,4,Male:_single,NoNe,4,Unknown/None,38,NoNe,For_free,1,Skilled_employee,2,Yes,Yes,0
No_checking_account,24,Delay_in_past,Business,2375,500-1000_DM,1-4_years,4,Male:_single,NoNe,2,Car_or_other,44,NoNe,Own,2,Skilled_employee,2,Yes,Yes,0
<_0_DM,18,Existing_credits_paid,Car_(new),1216,<_100_DM,<_1_year,4,Female:_divorced/separated/married,NoNe,3,Car_or_other,23,NoNe,Rent,1,Skilled_employee,1,Yes,Yes,1
<_0_DM,45,No_credits_/__all_paid,Business,11816,<_100_DM,>=_7_years,2,Male:_single,NoNe,4,Car_or_other,29,NoNe,Rent,2,Skilled_employee,1,NoNe,Yes,1
0-200_DM,24,Existing_credits_paid,Radio/Television,5084,Unknown/None,>=_7_years,2,Female:_divorced/separated/married,NoNe,4,Car_or_other,42,NoNe,Own,1,Skilled_employee,1,Yes,Yes,0
>=_200_DM,15,Existing_credits_paid,Radio/Television,2327,<_100_DM,<_1_year,2,Female:_divorced/separated/married,NoNe,3,Real_estate,25,NoNe,Own,1,Unskilled_-_resident,1,NoNe,Yes,1
<_0_DM,12,No_credits_/__all_paid,Car_(new),1082,<_100_DM,1-4_years,4,Male:_single,NoNe,4,Car_or_other,48,Bank,Own,2,Skilled_employee,1,NoNe,Yes,1
No_checking_account,12,Existing_credits_paid,Radio/Television,886,Unknown/None,1-4_years,4,Female:_divorced/separated/married,NoNe,2,Car_or_other,21,NoNe,Own,1,Skilled_employee,1,NoNe,Yes,0
No_checking_account,4,Existing_credits_paid,Furniture/Equipment,601,<_100_DM,<_1_year,1,Female:_divorced/separated/married,NoNe,3,Real_estate,23,NoNe,Rent,1,Unskilled_-_resident,2,NoNe,Yes,0
<_0_DM,24,Critical_account,Car_(used),2957,<_100_DM,>=_7_years,4,Male:_single,NoNe,4,Building_society_savings,63,NoNe,Own,2,Skilled_employee,1,Yes,Yes,0
No_checking_account,24,Critical_account,Radio/Television,2611,<_100_DM,>=_7_years,4,Male:_married/widowed,Co-applicant,3,Real_estate,46,NoNe,Own,2,Skilled_employee,1,NoNe,Yes,0
<_0_DM,36,Existing_credits_paid,Furniture/Equipment,5179,<_100_DM,4-7_years,4,Male:_single,NoNe,2,Building_society_savings,29,NoNe,Own,1,Skilled_employee,1,NoNe,Yes,1
No_checking_account,21,Delay_in_past,Car_(used),2993,<_100_DM,1-4_years,3,Male:_single,NoNe,2,Real_estate,28,Stores,Own,2,Unskilled_-_resident,1,NoNe,Yes,0
No_checking_account,18,Existing_credits_paid,Repairs,1943,<_100_DM,<_1_year,4,Female:_divorced/separated/married,NoNe,4,Real_estate,23,NoNe,Own,1,Skilled_employee,1,NoNe,Yes,1
No_checking_account,24,All_credits_paid_at_bank,Business,1559,<_100_DM,4-7_years,4,Male:_single,NoNe,4,Car_or_other,50,Bank,Own,1,Skilled_employee,1,Yes,Yes,0
No_checking_account,18,Existing_credits_paid,Furniture/Equipment,3422,<_100_DM,>=_7_years,4,Male:_single,NoNe,4,Building_society_savings,47,Bank,Own,3,Skilled_employee,2,Yes,Yes,0
0-200_DM,21,Existing_credits_paid,Furniture/Equipment,3976,Unknown/None,4-7_years,2,Male:_single,NoNe,3,Car_or_other,35,NoNe,Own,1,Skilled_employee,1,Yes,Yes,0
No_checking_account,18,Existing_credits_paid,Car_(new),6761,Unknown/None,1-4_years,2,Male:_single,NoNe,4,Car_or_other,68,NoNe,Rent,2,Skilled_employee,1,NoNe,Yes,1
No_checking_account,24,Existing_credits_paid,Car_(new),1249,<_100_DM,<_1_year,4,Male:_married/widowed,NoNe,2,Real_estate,28,NoNe,Own,1,Skilled_employee,1,NoNe,Yes,0
<_0_DM,9,Existing_credits_paid,Radio/Television,1364,<_100_DM,4-7_years,3,Male:_single,NoNe,4,Real_estate,59,NoNe,Own,1,Skilled_employee,1,NoNe,Yes,0
<_0_DM,12,Existing_credits_paid,Radio/Television,709,<_100_DM,>=_7_years,4,Male:_single,NoNe,4,Real_estate,57,Stores,Own,1,Unskilled_-_resident,1,NoNe,Yes,1
<_0_DM,20,Critical_account,Car_(new),2235,<_100_DM,1-4_years,4,Male:_married/widowed,Guarantor,2,Building_society_savings,33,Bank,Rent,2,Skilled_employee,1,NoNe,No,1
No_checking_account,24,Critical_account,Car_(used),4042,Unknown/None,4-7_years,3,Male:_single,NoNe,4,Building_society_savings,43,NoNe,Own,2,Skilled_employee,1,Yes,Yes,0
No_checking_account,15,Critical_account,Radio/Television,1471,<_100_DM,1-4_years,4,Male:_single,NoNe,4,Unknown/None,35,NoNe,For_free,2,Skilled_employee,1,Yes,Yes,0
<_0_DM,18,All_credits_paid_at_bank,Car_(new),1442,<_100_DM,4-7_years,4,Male:_single,NoNe,4,Unknown/None,32,NoNe,For_free,2,Unskilled_-_resident,2,NoNe,Yes,1
No_checking_account,36,Delay_in_past,Car_(new),10875,<_100_DM,>=_7_years,2,Male:_single,NoNe,2,Car_or_other,45,NoNe,Own,2,Skilled_employee,2,Yes,Yes,0
No_checking_account,24,Existing_credits_paid,Car_(new),1474,100-500_DM,<_1_year,4,Male:_married/widowed,NoNe,3,Real_estate,33,NoNe,Own,1,Skilled_employee,1,Yes,Yes,0
No_checking_account,10,Existing_credits_paid,Retraining,894,Unknown/None,4-7_years,4,Female:_divorced/separated/married,NoNe,3,Building_society_savings,40,NoNe,Own,1,Skilled_employee,1,Yes,Yes,0
No_checking_account,15,Critical_account,Furniture/Equipment,3343,<_100_DM,1-4_years,4,Male:_single,NoNe,2,Unknown/None,28,NoNe,For_free,1,Skilled_employee,1,Yes,Yes,0
<_0_DM,15,Existing_credits_paid,Car_(new),3959,<_100_DM,1-4_years,3,Female:_divorced/separated/married,NoNe,2,Building_society_savings,29,NoNe,Own,1,Skilled_employee,1,Yes,Yes,1
No_checking_account,9,Existing_credits_paid,Car_(new),3577,100-500_DM,1-4_years,1,Male:_single,Guarantor,2,Real_estate,26,NoNe,Rent,1,Skilled_employee,2,NoNe,No,0
No_checking_account,24,Critical_account,Car_(used),5804,>=_1000_DM,1-4_years,4,Male:_single,NoNe,2,Real_estate,27,NoNe,Own,2,Skilled_employee,1,NoNe,Yes,0
No_checking_account,18,Delay_in_past,Business,2169,<_100_DM,1-4_years,4,Male:_married/widowed,NoNe,2,Car_or_other,28,NoNe,Own,1,Skilled_employee,1,Yes,Yes,1
<_0_DM,24,Existing_credits_paid,Radio/Television,2439,<_100_DM,<_1_year,4,Female:_divorced/separated/married,NoNe,4,Real_estate,35,NoNe,Own,1,Skilled_employee,1,Yes,Yes,1
No_checking_account,27,Critical_account,Furniture/Equipment,4526,>=_1000_DM,<_1_year,4,Male:_single,NoNe,2,Real_estate,32,Stores,Own,2,Unskilled_-_resident,2,Yes,Yes,0
No_checking_account,10,Existing_credits_paid,Furniture/Equipment,2210,<_100_DM,1-4_years,2,Male:_single,NoNe,2,Real_estate,25,Bank,Rent,1,Unskilled_-_resident,1,NoNe,Yes,1
No_checking_account,15,Existing_credits_paid,Furniture/Equipment,2221,500-1000_DM,1-4_years,2,Female:_divorced/separated/married,NoNe,4,Car_or_other,20,NoNe,Rent,1,Skilled_employee,1,NoNe,Yes,0
<_0_DM,18,Existing_credits_paid,Radio/Television,2389,<_100_DM,<_1_year,4,Female:_divorced/separated/married,NoNe,1,Car_or_other,27,Stores,Own,1,Skilled_employee,1,NoNe,Yes,0
No_checking_account,12,Critical_account,Furniture/Equipment,3331,<_100_DM,>=_7_years,2,Male:_single,NoNe,4,Building_society_savings,42,Stores,Own,1,Skilled_employee,1,NoNe,Yes,0
No_checking_account,36,Existing_credits_paid,Business,7409,Unknown/None,>=_7_years,3,Male:_single,NoNe,2,Building_society_savings,37,NoNe,Own,2,Skilled_employee,1,NoNe,Yes,0
<_0_DM,12,Existing_credits_paid,Furniture/Equipment,652,<_100_DM,>=_7_years,4,Female:_divorced/separated/married,NoNe,4,Building_society_savings,24,NoNe,Rent,1,Skilled_employee,1,NoNe,Yes,0
No_checking_account,36,Delay_in_past,Furniture/Equipment,7678,500-1000_DM,4-7_years,2,Female:_divorced/separated/married,NoNe,4,Car_or_other,40,NoNe,Own,2,Skilled_employee,1,Yes,Yes,0
>=_200_DM,6,Critical_account,Car_(new),1343,<_100_DM,>=_7_years,1,Male:_single,NoNe,4,Real_estate,46,NoNe,Own,2,Skilled_employee,2,NoNe,No,0
<_0_DM,24,Critical_account,Business,1382,100-500_DM,4-7_years,4,Male:_single,NoNe,1,Real_estate,26,NoNe,Own,2,Skilled_employee,1,Yes,Yes,0
No_checking_account,15,Existing_credits_paid,Domestic_appliances,874,Unknown/None,<_1_year,4,Female:_divorced/separated/married,NoNe,1,Real_estate,24,NoNe,Own,1,Skilled_employee,1,NoNe,Yes,0
<_0_DM,12,Existing_credits_paid,Furniture/Equipment,3590,<_100_DM,1-4_years,2,Male:_single,Co-applicant,2,Building_society_savings,29,NoNe,Own,1,Unskilled_-_resident,2,NoNe,Yes,0
0-200_DM,11,Critical_account,Car_(new),1322,>=_1000_DM,1-4_years,4,Female:_divorced/separated/married,NoNe,4,Car_or_other,40,NoNe,Own,2,Skilled_employee,1,NoNe,Yes,0
<_0_DM,18,All_credits_paid_at_bank,Radio/Television,1940,<_100_DM,<_1_year,3,Male:_single,Co-applicant,4,Unknown/None,36,Bank,For_free,1,Management/Self-employed,1,Yes,Yes,0
No_checking_account,36,Existing_credits_paid,Radio/Television,3595,<_100_DM,>=_7_years,4,Male:_single,NoNe,2,Car_or_other,28,NoNe,Own,1,Skilled_employee,1,NoNe,Yes,0
<_0_DM,9,Existing_credits_paid,Car_(new),1422,<_100_DM,<_1_year,3,Male:_single,NoNe,2,Unknown/None,27,NoNe,For_free,1,Management/Self-employed,1,Yes,Yes,1
No_checking_account,30,Critical_account,Radio/Television,6742,Unknown/None,4-7_years,2,Male:_single,NoNe,3,Building_society_savings,36,NoNe,Own,2,Skilled_employee,1,NoNe,Yes,0
No_checking_account,24,Existing_credits_paid,Car_(used),7814,<_100_DM,4-7_years,3,Male:_single,NoNe,3,Car_or_other,38,NoNe,Own,1,Management/Self-employed,1,Yes,Yes,0
No_checking_account,24,Existing_credits_paid,Car_(used),9277,Unknown/None,1-4_years,2,Male:_divorced/separated,NoNe,4,Unknown/None,48,NoNe,For_free,1,Skilled_employee,1,Yes,Yes,0
0-200_DM,30,Critical_account,Car_(new),2181,Unknown/None,>=_7_years,4,Male:_single,NoNe,4,Real_estate,36,NoNe,Own,2,Skilled_employee,1,NoNe,Yes,0
No_checking_account,18,Critical_account,Radio/Television,1098,<_100_DM,Unemployed,4,Female:_divorced/separated/married,NoNe,4,Car_or_other,65,NoNe,Own,2,Unemployed/Unskilled,1,NoNe,Yes,0
0-200_DM,24,Existing_credits_paid,Furniture/Equipment,4057,<_100_DM,4-7_years,3,Male:_divorced/separated,NoNe,3,Car_or_other,43,NoNe,Own,1,Skilled_employee,1,Yes,Yes,1
<_0_DM,12,Existing_credits_paid,Education,795,<_100_DM,<_1_year,4,Female:_divorced/separated/married,NoNe,4,Building_society_savings,53,NoNe,Own,1,Skilled_employee,1,NoNe,Yes,1
0-200_DM,24,Critical_account,Business,2825,Unknown/None,4-7_years,4,Male:_single,NoNe,3,Unknown/None,34,NoNe,Own,2,Skilled_employee,2,Yes,Yes,0
0-200_DM,48,Existing_credits_paid,Business,15672,<_100_DM,1-4_years,2,Male:_single,NoNe,2,Car_or_other,23,NoNe,Own,1,Skilled_employee,1,Yes,Yes,1
No_checking_account,36,Critical_account,Car_(new),6614,<_100_DM,>=_7_years,4,Male:_single,NoNe,4,Car_or_other,34,NoNe,Own,2,Management/Self-employed,1,Yes,Yes,0
No_checking_account,28,All_credits_paid_at_bank,Car_(used),7824,Unknown/None,<_1_year,3,Male:_single,Guarantor,4,Real_estate,40,Bank,Rent,2,Skilled_employee,2,Yes,Yes,0
<_0_DM,27,Critical_account,Business,2442,<_100_DM,>=_7_years,4,Male:_single,NoNe,4,Car_or_other,43,Stores,Own,4,Management/Self-employed,2,Yes,Yes,0
No_checking_account,15,Critical_account,Radio/Television,1829,<_100_DM,>=_7_years,4,Male:_single,NoNe,4,Car_or_other,46,NoNe,Own,2,Skilled_employee,1,Yes,Yes,0
<_0_DM,12,Critical_account,Car_(new),2171,<_100_DM,1-4_years,4,Male:_single,NoNe,4,Building_society_savings,38,Bank,Own,2,Unskilled_-_resident,1,NoNe,No,0
0-200_DM,36,Critical_account,Car_(used),5800,<_100_DM,1-4_years,3,Male:_single,NoNe,4,Car_or_other,34,NoNe,Own,2,Skilled_employee,1,Yes,Yes,0
No_checking_account,18,Critical_account,Radio/Television,1169,Unknown/None,1-4_years,4,Male:_single,NoNe,3,Building_society_savings,29,NoNe,Own,2,Skilled_employee,1,Yes,Yes,0
No_checking_account,36,Delay_in_past,Car_(used),8947,Unknown/None,4-7_years,3,Male:_single,NoNe,2,Car_or_other,31,Stores,Own,1,Management/Self-employed,2,Yes,Yes,0
<_0_DM,21,Existing_credits_paid,Radio/Television,2606,<_100_DM,<_1_year,4,Female:_divorced/separated/married,NoNe,4,Building_society_savings,28,NoNe,Rent,1,Management/Self-employed,1,Yes,Yes,0
No_checking_account,12,Critical_account,Furniture/Equipment,1592,>=_1000_DM,4-7_years,3,Female:_divorced/separated/married,NoNe,2,Building_society_savings,35,NoNe,Own,1,Skilled_employee,1,NoNe,No,0
No_checking_account,15,Existing_credits_paid,Furniture/Equipment,2186,Unknown/None,4-7_years,1,Female:_divorced/separated/married,NoNe,4,Real_estate,33,Bank,Rent,1,Unskilled_-_resident,1,NoNe,Yes,0
<_0_DM,18,Existing_credits_paid,Furniture/Equipment,4153,<_100_DM,1-4_years,2,Male:_single,Co-applicant,3,Car_or_other,42,NoNe,Own,1,Skilled_employee,1,NoNe,Yes,1
<_0_DM,16,Critical_account,Car_(new),2625,<_100_DM,>=_7_years,2,Male:_single,Guarantor,4,Building_society_savings,43,Bank,Rent,1,Skilled_employee,1,Yes,Yes,1
No_checking_account,20,Critical_account,Car_(new),3485,Unknown/None,<_1_year,2,Male:_divorced/separated,NoNe,4,Real_estate,44,NoNe,Own,2,Skilled_employee,1,Yes,Yes,0
No_checking_account,36,Critical_account,Car_(used),10477,Unknown/None,>=_7_years,2,Male:_single,NoNe,4,Unknown/None,42,NoNe,For_free,2,Skilled_employee,1,NoNe,Yes,0
No_checking_account,15,Existing_credits_paid,Radio/Television,1386,Unknown/None,1-4_years,4,Male:_married/widowed,NoNe,2,Real_estate,40,NoNe,Rent,1,Skilled_employee,1,Yes,Yes,0
No_checking_account,24,Existing_credits_paid,Radio/Television,1278,<_100_DM,>=_7_years,4,Male:_single,NoNe,1,Real_estate,36,NoNe,Own,1,Management/Self-employed,1,Yes,Yes,0
<_0_DM,12,Existing_credits_paid,Radio/Television,1107,<_100_DM,1-4_years,2,Male:_single,NoNe,2,Real_estate,20,NoNe,Rent,1,Management/Self-employed,2,Yes,Yes,0
<_0_DM,21,Existing_credits_paid,Car_(new),3763,Unknown/None,4-7_years,2,Male:_single,Co-applicant,2,Real_estate,24,NoNe,Own,1,Unskilled_-_resident,1,NoNe,No,0
0-200_DM,36,Existing_credits_paid,Education,3711,Unknown/None,1-4_years,2,Male:_married/widowed,NoNe,2,Car_or_other,27,NoNe,Own,1,Skilled_employee,1,NoNe,Yes,0
No_checking_account,15,Delay_in_past,Car_(used),3594,<_100_DM,<_1_year,1,Female:_divorced/separated/married,NoNe,2,Building_society_savings,46,NoNe,Own,2,Unskilled_-_resident,1,NoNe,Yes,0
0-200_DM,9,Existing_credits_paid,Car_(new),3195,Unknown/None,1-4_years,1,Female:_divorced/separated/married,NoNe,2,Real_estate,33,NoNe,Own,1,Unskilled_-_resident,1,NoNe,Yes,0
No_checking_account,36,Delay_in_past,Radio/Television,4454,<_100_DM,1-4_years,4,Female:_divorced/separated/married,NoNe,4,Real_estate,34,NoNe,Own,2,Skilled_employee,1,NoNe,Yes,0
0-200_DM,24,Critical_account,Furniture/Equipment,4736,<_100_DM,<_1_year,2,Female:_divorced/separated/married,NoNe,4,Car_or_other,25,Bank,Own,1,Unskilled_-_resident,1,NoNe,Yes,1
0-200_DM,30,Existing_credits_paid,Radio/Television,2991,Unknown/None,>=_7_years,2,Female:_divorced/separated/married,NoNe,4,Car_or_other,25,NoNe,Own,1,Skilled_employee,1,NoNe,Yes,0
No_checking_account,11,Existing_credits_paid,Business,2142,>=_1000_DM,>=_7_years,1,Male:_divorced/separated,NoNe,2,Real_estate,28,NoNe,Own,1,Skilled_employee,1,Yes,Yes,0
<_0_DM,24,All_credits_paid_at_bank,Business,3161,<_100_DM,1-4_years,4,Male:_single,NoNe,2,Building_society_savings,31,NoNe,Rent,1,Skilled_employee,1,Yes,Yes,1
0-200_DM,48,No_credits_/__all_paid,Others,18424,<_100_DM,1-4_years,1,Female:_divorced/separated/married,NoNe,2,Building_society_savings,32,Bank,Own,1,Management/Self-employed,1,Yes,No,1
No_checking_account,10,Existing_credits_paid,Car_(used),2848,100-500_DM,1-4_years,1,Male:_single,Co-applicant,2,Real_estate,32,NoNe,Own,1,Skilled_employee,2,NoNe,Yes,0
<_0_DM,6,Existing_credits_paid,Car_(new),14896,<_100_DM,>=_7_years,1,Male:_single,NoNe,4,Unknown/None,68,Bank,Own,1,Management/Self-employed,1,Yes,Yes,1
<_0_DM,24,Existing_credits_paid,Furniture/Equipment,2359,100-500_DM,Unemployed,1,Male:_divorced/separated,NoNe,1,Building_society_savings,33,NoNe,Own,1,Skilled_employee,1,NoNe,Yes,1
<_0_DM,24,Existing_credits_paid,Furniture/Equipment,3345,<_100_DM,>=_7_years,4,Male:_single,NoNe,2,Building_society_savings,39,NoNe,Rent,1,Management/Self-employed,1,Yes,Yes,1
No_checking_account,18,Critical_account,Furniture/Equipment,1817,<_100_DM,1-4_years,4,Female:_divorced/separated/married,NoNe,2,Unknown/None,28,NoNe,Own,2,Skilled_employee,1,NoNe,Yes,0
No_checking_account,48,Delay_in_past,Radio/Television,12749,500-1000_DM,4-7_years,4,Male:_single,NoNe,1,Car_or_other,37,NoNe,Own,1,Management/Self-employed,1,Yes,Yes,0
<_0_DM,9,Existing_credits_paid,Radio/Television,1366,<_100_DM,<_1_year,3,Female:_divorced/separated/married,NoNe,4,Building_society_savings,22,NoNe,Rent,1,Skilled_employee,1,NoNe,Yes,1
0-200_DM,12,Existing_credits_paid,Car_(new),2002,<_100_DM,4-7_years,3,Male:_single,NoNe,4,Building_society_savings,30,NoNe,Rent,1,Skilled_employee,2,Yes,Yes,0
<_0_DM,24,All_credits_paid_at_bank,Furniture/Equipment,6872,<_100_DM,<_1_year,2,Male:_divorced/separated,NoNe,1,Building_society_savings,55,Bank,Own,1,Skilled_employee,1,Yes,Yes,1
<_0_DM,12,All_credits_paid_at_bank,Car_(new),697,<_100_DM,<_1_year,4,Male:_single,NoNe,2,Car_or_other,46,Bank,Own,2,Skilled_employee,1,Yes,Yes,1
<_0_DM,18,Critical_account,Furniture/Equipment,1049,<_100_DM,<_1_year,4,Female:_divorced/separated/married,NoNe,4,Building_society_savings,21,NoNe,Rent,1,Skilled_employee,1,NoNe,Yes,0
<_0_DM,48,Existing_credits_paid,Car_(used),10297,<_100_DM,4-7_years,4,Male:_single,NoNe,4,Unknown/None,39,Stores,For_free,3,Skilled_employee,2,Yes,Yes,1
No_checking_account,30,Existing_credits_paid,Radio/Television,1867,Unknown/None,>=_7_years,4,Male:_single,NoNe,4,Car_or_other,58,NoNe,Own,1,Skilled_employee,1,Yes,Yes,0
<_0_DM,12,Delay_in_past,Car_(new),1344,<_100_DM,1-4_years,4,Male:_single,NoNe,2,Real_estate,43,NoNe,Own,2,Unskilled_-_resident,2,NoNe,Yes,0
<_0_DM,24,Existing_credits_paid,Furniture/Equipment,1747,<_100_DM,<_1_year,4,Male:_single,Co-applicant,1,Building_society_savings,24,NoNe,Own,1,Unskilled_-_resident,1,NoNe,No,0
0-200_DM,9,Existing_credits_paid,Radio/Television,1670,<_100_DM,<_1_year,4,Female:_divorced/separated/married,NoNe,2,Car_or_other,22,NoNe,Own,1,Skilled_employee,1,Yes,Yes,1
No_checking_account,9,Critical_account,Car_(new),1224,<_100_DM,1-4_years,3,Male:_single,NoNe,1,Real_estate,30,NoNe,Own,2,Skilled_employee,1,NoNe,Yes,0
No_checking_account,12,Critical_account,Radio/Television,522,500-1000_DM,>=_7_years,4,Male:_single,NoNe,4,Building_society_savings,42,NoNe,Own,2,Skilled_employee,2,Yes,Yes,0
<_0_DM,12,Existing_credits_paid,Radio/Television,1498,<_100_DM,1-4_years,4,Female:_divorced/separated/married,NoNe,1,Car_or_other,23,Bank,Own,1,Skilled_employee,1,NoNe,Yes,0
0-200_DM,30,Delay_in_past,Radio/Television,1919,100-500_DM,<_1_year,4,Male:_single,NoNe,3,Unknown/None,30,Stores,Own,2,Management/Self-employed,1,NoNe,Yes,1
>=_200_DM,9,Existing_credits_paid,Radio/Television,745,<_100_DM,1-4_years,3,Female:_divorced/separated/married,NoNe,2,Real_estate,28,NoNe,Own,1,Unskilled_-_resident,1,NoNe,Yes,1
0-200_DM,6,Existing_credits_paid,Radio/Television,2063,<_100_DM,<_1_year,4,Male:_married/widowed,NoNe,3,Car_or_other,30,NoNe,Rent,1,Management/Self-employed,1,Yes,Yes,0
0-200_DM,60,Existing_credits_paid,Education,6288,<_100_DM,1-4_years,4,Male:_single,NoNe,4,Unknown/None,42,NoNe,For_free,1,Skilled_employee,1,NoNe,Yes,1
No_checking_account,24,Critical_account,Car_(used),6842,Unknown/None,1-4_years,2,Male:_single,NoNe,4,Building_society_savings,46,NoNe,Own,2,Management/Self-employed,2,Yes,Yes,0
No_checking_account,12,Existing_credits_paid,Car_(new),3527,Unknown/None,<_1_year,2,Male:_single,NoNe,3,Building_society_savings,45,NoNe,Own,1,Management/Self-employed,2,Yes,Yes,0
No_checking_account,10,Existing_credits_paid,Car_(new),1546,<_100_DM,1-4_years,3,Male:_single,NoNe,2,Real_estate,31,NoNe,Own,1,Unskilled_-_resident,2,NoNe,No,0
No_checking_account,24,Existing_credits_paid,Furniture/Equipment,929,Unknown/None,4-7_years,4,Male:_single,NoNe,2,Car_or_other,31,Stores,Own,1,Skilled_employee,1,Yes,Yes,0
No_checking_account,4,Critical_account,Car_(new),1455,<_100_DM,4-7_years,2,Male:_single,NoNe,1,Real_estate,42,NoNe,Own,3,Unskilled_-_resident,2,NoNe,Yes,0
<_0_DM,15,Existing_credits_paid,Furniture/Equipment,1845,<_100_DM,<_1_year,4,Female:_divorced/separated/married,Guarantor,1,Building_society_savings,46,NoNe,Rent,1,Skilled_employee,1,NoNe,Yes,0
0-200_DM,48,No_credits_/__all_paid,Car_(new),8358,500-1000_DM,<_1_year,1,Female:_divorced/separated/married,NoNe,1,Car_or_other,30,NoNe,Own,2,Skilled_employee,1,NoNe,Yes,0
<_0_DM,24,All_credits_paid_at_bank,Furniture/Equipment,3349,500-1000_DM,<_1_year,4,Male:_single,NoNe,4,Unknown/None,30,NoNe,For_free,1,Skilled_employee,2,Yes,Yes,1
No_checking_account,12,Existing_credits_paid,Car_(new),2859,Unknown/None,Unemployed,4,Male:_single,NoNe,4,Unknown/None,38,NoNe,Own,1,Management/Self-employed,1,Yes,Yes,0
No_checking_account,18,Existing_credits_paid,Furniture/Equipment,1533,<_100_DM,<_1_year,4,Male:_married/widowed,Co-applicant,1,Building_society_savings,43,NoNe,Own,1,Unskilled_-_resident,2,NoNe,Yes,1
No_checking_account,24,Existing_credits_paid,Radio/Television,3621,100-500_DM,>=_7_years,2,Male:_single,NoNe,4,Car_or_other,31,NoNe,Own,2,Skilled_employee,1,NoNe,Yes,1
0-200_DM,18,Critical_account,Business,3590,<_100_DM,Unemployed,3,Male:_married/widowed,NoNe,3,Car_or_other,40,NoNe,Own,3,Unemployed/Unskilled,2,Yes,Yes,0
<_0_DM,36,Delay_in_past,Business,2145,<_100_DM,4-7_years,2,Male:_single,NoNe,1,Car_or_other,24,NoNe,Own,2,Skilled_employee,1,Yes,Yes,1
0-200_DM,24,Existing_credits_paid,Car_(used),4113,500-1000_DM,<_1_year,3,Female:_divorced/separated/married,NoNe,4,Car_or_other,28,NoNe,Rent,1,Skilled_employee,1,NoNe,Yes,1
No_checking_account,36,Existing_credits_paid,Furniture/Equipment,10974,<_100_DM,Unemployed,4,Female:_divorced/separated/married,NoNe,2,Car_or_other,26,NoNe,Own,2,Management/Self-employed,1,Yes,Yes,1
<_0_DM,12,Existing_credits_paid,Car_(new),1893,<_100_DM,1-4_years,4,Female:_divorced/separated/married,Guarantor,4,Building_society_savings,29,NoNe,Own,1,Skilled_employee,1,Yes,Yes,0
<_0_DM,24,Critical_account,Radio/Television,1231,>=_1000_DM,>=_7_years,4,Female:_divorced/separated/married,NoNe,4,Building_society_savings,57,NoNe,Rent,2,Management/Self-employed,1,Yes,Yes,0
>=_200_DM,30,Critical_account,Radio/Television,3656,Unknown/None,>=_7_years,4,Male:_single,NoNe,4,Building_society_savings,49,Stores,Own,2,Unskilled_-_resident,1,NoNe,Yes,0
0-200_DM,9,Critical_account,Radio/Television,1154,<_100_DM,>=_7_years,2,Male:_single,NoNe,4,Real_estate,37,NoNe,Own,3,Unskilled_-_resident,1,NoNe,Yes,0
<_0_DM,28,Existing_credits_paid,Car_(new),4006,<_100_DM,1-4_years,3,Male:_single,NoNe,2,Car_or_other,45,NoNe,Own,1,Unskilled_-_resident,1,NoNe,Yes,1
0-200_DM,24,Existing_credits_paid,Furniture/Equipment,3069,100-500_DM,>=_7_years,4,Male:_single,NoNe,4,Unknown/None,30,NoNe,For_free,1,Skilled_employee,1,NoNe,Yes,0
No_checking_account,6,Critical_account,Radio/Television,1740,<_100_DM,>=_7_years,2,Male:_married/widowed,NoNe,2,Real_estate,30,NoNe,Rent,2,Skilled_employee,1,NoNe,Yes,0
0-200_DM,21,Delay_in_past,Car_(new),2353,<_100_DM,1-4_years,1,Male:_divorced/separated,NoNe,4,Building_society_savings,47,NoNe,Own,2,Skilled_employee,1,NoNe,Yes,0
No_checking_account,15,Existing_credits_paid,Car_(new),3556,Unknown/None,1-4_years,3,Male:_single,NoNe,2,Unknown/None,29,NoNe,Own,1,Skilled_employee,1,NoNe,Yes,0
No_checking_account,24,Existing_credits_paid,Radio/Television,2397,500-1000_DM,>=_7_years,3,Male:_single,NoNe,2,Car_or_other,35,Bank,Own,2,Skilled_employee,1,Yes,Yes,1
0-200_DM,6,Existing_credits_paid,Repairs,454,<_100_DM,<_1_year,3,Male:_married/widowed,NoNe,1,Building_society_savings,22,NoNe,Own,1,Unskilled_-_resident,1,NoNe,Yes,0
0-200_DM,30,Existing_credits_paid,Radio/Television,1715,Unknown/None,1-4_years,4,Female:_divorced/separated/married,NoNe,1,Car_or_other,26,NoNe,Own,1,Skilled_employee,1,NoNe,Yes,0
0-200_DM,27,Critical_account,Radio/Television,2520,500-1000_DM,1-4_years,4,Male:_single,NoNe,2,Building_society_savings,23,NoNe,Own,2,Unskilled_-_resident,1,NoNe,Yes,1
No_checking_account,15,Existing_credits_paid,Radio/Television,3568,<_100_DM,>=_7_years,4,Female:_divorced/separated/married,NoNe,2,Car_or_other,54,Bank,Rent,1,Management/Self-employed,1,Yes,Yes,0
No_checking_account,42,Existing_credits_paid,Radio/Television,7166,Unknown/None,4-7_years,2,Male:_married/widowed,NoNe,4,Building_society_savings,29,NoNe,Rent,1,Skilled_employee,1,Yes,Yes,0
<_0_DM,11,Critical_account,Car_(new),3939,<_100_DM,1-4_years,1,Male:_single,NoNe,2,Real_estate,40,NoNe,Own,2,Unskilled_-_resident,2,NoNe,Yes,0
0-200_DM,15,Existing_credits_paid,Repairs,1514,100-500_DM,1-4_years,4,Male:_single,Guarantor,2,Real_estate,22,NoNe,Own,1,Skilled_employee,1,NoNe,Yes,0
No_checking_account,24,Existing_credits_paid,Car_(new),7393,<_100_DM,1-4_years,1,Male:_single,NoNe,4,Building_society_savings,43,NoNe,Own,1,Unskilled_-_resident,2,NoNe,Yes,0
<_0_DM,24,All_credits_paid_at_bank,Car_(new),1193,<_100_DM,Unemployed,1,Female:_divorced/separated/married,Co-applicant,4,Unknown/None,29,NoNe,Rent,2,Unemployed/Unskilled,1,NoNe,Yes,1
<_0_DM,60,Existing_credits_paid,Business,7297,<_100_DM,>=_7_years,4,Male:_single,Co-applicant,4,Unknown/None,36,NoNe,Rent,1,Skilled_employee,1,NoNe,Yes,1
No_checking_account,30,Critical_account,Radio/Television,2831,<_100_DM,1-4_years,4,Female:_divorced/separated/married,NoNe,2,Car_or_other,33,NoNe,Own,1,Skilled_employee,1,Yes,Yes,0
>=_200_DM,24,Existing_credits_paid,Radio/Television,1258,500-1000_DM,1-4_years,3,Female:_divorced/separated/married,NoNe,3,Car_or_other,57,NoNe,Own,1,Unskilled_-_resident,1,NoNe,Yes,0
0-200_DM,6,Existing_credits_paid,Radio/Television,753,<_100_DM,1-4_years,2,Female:_divorced/separated/married,Guarantor,3,Real_estate,64,NoNe,Own,1,Skilled_employee,1,NoNe,Yes,0
0-200_DM,18,Delay_in_past,Business,2427,Unknown/None,>=_7_years,4,Male:_single,NoNe,2,Building_society_savings,42,NoNe,Own,2,Skilled_employee,1,NoNe,Yes,0
No_checking_account,24,Delay_in_past,Car_(new),2538,<_100_DM,>=_7_years,4,Male:_single,NoNe,4,Car_or_other,47,NoNe,Own,2,Unskilled_-_resident,2,NoNe,Yes,1
0-200_DM,15,All_credits_paid_at_bank,Car_(new),1264,100-500_DM,1-4_years,2,Male:_married/widowed,NoNe,2,Building_society_savings,25,NoNe,Rent,1,Skilled_employee,1,NoNe,Yes,1
0-200_DM,30,Critical_account,Furniture/Equipment,8386,<_100_DM,4-7_years,2,Male:_single,NoNe,2,Building_society_savings,49,NoNe,Own,1,Skilled_employee,1,NoNe,Yes,1
No_checking_account,48,Existing_credits_paid,Business,4844,<_100_DM,Unemployed,3,Male:_single,NoNe,2,Car_or_other,33,Bank,Rent,1,Management/Self-employed,1,Yes,Yes,1
>=_200_DM,21,Existing_credits_paid,Car_(new),2923,100-500_DM,1-4_years,1,Female:_divorced/separated/married,NoNe,1,Car_or_other,28,Bank,Own,1,Management/Self-employed,1,Yes,Yes,0
<_0_DM,36,Existing_credits_paid,Car_(used),8229,<_100_DM,1-4_years,2,Male:_single,NoNe,2,Building_society_savings,26,NoNe,Own,1,Skilled_employee,2,NoNe,Yes,1
No_checking_account,24,Critical_account,Furniture/Equipment,2028,<_100_DM,4-7_years,2,Male:_single,NoNe,2,Building_society_savings,30,NoNe,Own,2,Unskilled_-_resident,1,NoNe,Yes,0
<_0_DM,15,Critical_account,Furniture/Equipment,1433,<_100_DM,1-4_years,4,Female:_divorced/separated/married,NoNe,3,Building_society_savings,25,NoNe,Rent,2,Skilled_employee,1,NoNe,Yes,0
>=_200_DM,42,No_credits_/__all_paid,Business,6289,<_100_DM,<_1_year,2,Male:_divorced/separated,NoNe,1,Building_society_savings,33,NoNe,Own,2,Skilled_employee,1,NoNe,Yes,0
No_checking_account,13,Existing_credits_paid,Radio/Television,1409,100-500_DM,Unemployed,2,Female:_divorced/separated/married,NoNe,4,Real_estate,64,NoNe,Own,1,Skilled_employee,1,NoNe,Yes,0
<_0_DM,24,Existing_credits_paid,Car_(used),6579,<_100_DM,Unemployed,4,Male:_single,NoNe,2,Unknown/None,29,NoNe,For_free,1,Management/Self-employed,1,Yes,Yes,0
0-200_DM,24,Critical_account,Radio/Television,1743,<_100_DM,>=_7_years,4,Male:_single,NoNe,2,Building_society_savings,48,NoNe,Own,2,Unskilled_-_resident,1,NoNe,Yes,0
No_checking_account,12,Critical_account,Education,3565,Unknown/None,<_1_year,2,Male:_single,NoNe,1,Building_society_savings,37,NoNe,Own,2,Unskilled_-_resident,2,NoNe,Yes,0
No_checking_account,15,All_credits_paid_at_bank,Radio/Television,1569,100-500_DM,>=_7_years,4,Male:_single,NoNe,4,Car_or_other,34,Bank,Own,1,Unskilled_-_resident,2,NoNe,Yes,0
<_0_DM,18,Existing_credits_paid,Radio/Television,1936,Unknown/None,4-7_years,2,Male:_married/widowed,NoNe,4,Car_or_other,23,NoNe,Rent,2,Unskilled_-_resident,1,NoNe,Yes,0
<_0_DM,36,Existing_credits_paid,Furniture/Equipment,3959,<_100_DM,Unemployed,4,Male:_single,NoNe,3,Building_society_savings,30,NoNe,Own,1,Management/Self-employed,1,Yes,Yes,0
No_checking_account,12,Existing_credits_paid,Car_(new),2390,Unknown/None,>=_7_years,4,Male:_single,NoNe,3,Car_or_other,50,NoNe,Own,1,Skilled_employee,1,Yes,Yes,0
No_checking_account,12,Existing_credits_paid,Furniture/Equipment,1736,<_100_DM,4-7_years,3,Female:_divorced/separated/married,NoNe,4,Real_estate,31,NoNe,Own,1,Unskilled_-_resident,1,NoNe,Yes,0
<_0_DM,30,Existing_credits_paid,Car_(used),3857,<_100_DM,1-4_years,4,Male:_divorced/separated,NoNe,4,Building_society_savings,40,NoNe,Own,1,Management/Self-employed,1,Yes,Yes,0
No_checking_account,12,Existing_credits_paid,Radio/Television,804,<_100_DM,>=_7_years,4,Male:_single,NoNe,4,Car_or_other,38,NoNe,Own,1,Skilled_employee,1,NoNe,Yes,0
<_0_DM,45,Existing_credits_paid,Radio/Television,1845,<_100_DM,1-4_years,4,Male:_single,NoNe,4,Unknown/None,23,NoNe,For_free,1,Skilled_employee,1,Yes,Yes,1
0-200_DM,45,Critical_account,Car_(used),4576,100-500_DM,Unemployed,3,Male:_single,NoNe,4,Car_or_other,27,NoNe,Own,1,Skilled_employee,1,NoNe,Yes,0
